Event.Id,Investigation.Type,Accident.Number,Event.Date,Location,Country,Latitude,Longitude,Airport.Code,Airport.Name,Injury.Severity,Aircraft.damage,Aircraft.Category,Registration.Number,Make,Model,Amateur.Built,Number.of.Engines,Engine.Type,FAR.Description,Schedule,Purpose.of.flight,Air.carrier,Total.Fatal.Injuries,Total.Serious.Injuries,Total.Minor.Injuries,Total.Uninjured,Weather.Condition,Broad.phase.of.flight,Report.Status,Publication.Date
20001218X45444,Accident,SEA87LA080,1948-10-24,"MOOSE CREEK, ID",United States,,,Unknown,Unknown,Fatal(2),Destroyed,,NC6404,Stinson,108-3,No,1.0,Reciprocating,,,Personal,,2.0,0.0,0.0,0.0,UNK,Cruise,Probable Cause,Not Available
20001218X45447,Accident,LAX94LA336,1962-07-19,"BRIDGEPORT, CA",United States,,,Unknown,Unknown,Fatal(4),Destroyed,,N5069P,Piper,PA24-180,No,1.0,Reciprocating,,,Personal,,4.0,0.0,0.0,0.0,UNK,Unknown,Probable Cause,1996-09-19 00:00:00
20061025X01555,Accident,NYC07LA005,1974-08-30,"Saltville, VA",United States,36.922223,-81.878056,Unknown,Unknown,Fatal(3),Destroyed,,N5142R,Cessna,172M,No,1.0,Reciprocating,,,Personal,,3.0,0.0,0.0,,IMC,Cruise,Probable Cause,2007-02-26 00:00:00
20001218X45448,Accident,LAX96LA321,1977-06-19,"EUREKA, CA",United States,,,Unknown,Unknown,Fatal(2),Destroyed,,N1168J,Rockwell,112,No,1.0,Reciprocating,,,Personal,,2.0,0.0,0.0,0.0,IMC,Cruise,Probable Cause,2000-09-12 00:00:00
20041105X01764,Accident,CHI79FA064,1979-08-02,"Canton, OH",United States,,,Unknown,Unknown,Fatal(1),Destroyed,,N15NY,Cessna,501,No,,,,,Personal,,1.0,2.0,0.0,0.0,VMC,Approach,Probable Cause,1980-04-16 00:00:00
20170710X52551,Accident,NYC79AA106,1979-09-17,"BOSTON, MA",United States,42.445277,-70.758333,Unknown,Unknown,Non-Fatal,Substantial,Airplane,CF-TLU,Mcdonnell Douglas,DC9,No,2.0,Turbo Fan,Part 129: Foreign,SCHD,Unknown,Air Canada,0.0,0.0,1.0,44.0,VMC,Climb,Probable Cause,2017-09-19 00:00:00
20001218X45446,Accident,CHI81LA106,1981-08-01,"COTTON, MN",United States,,,Unknown,Unknown,Fatal(4),Destroyed,,N4988E,Cessna,180,No,1.0,Reciprocating,,,Personal,,4.0,0.0,0.0,0.0,IMC,Unknown,Probable Cause,2001-11-06 00:00:00
20020909X01562,Accident,SEA82DA022,1982-01-01,"PULLMAN, WA",United States,,,Unknown,BLACKBURN AG STRIP,Non-Fatal,Substantial,Airplane,N2482N,Cessna,140,No,1.0,Reciprocating,Part 91: General Aviation,,Personal,,0.0,0.0,0.0,2.0,VMC,Takeoff,Probable Cause,1982-01-01 00:00:00
20020909X01561,Accident,NYC82DA015,1982-01-01,"EAST HANOVER, NJ",United States,,,N58,HANOVER,Non-Fatal,Substantial,Airplane,N7967Q,Cessna,401B,No,2.0,Reciprocating,Part 91: General Aviation,,Business,,0.0,0.0,0.0,2.0,IMC,Landing,Probable Cause,1982-01-01 00:00:00
20020909X01560,Accident,MIA82DA029,1982-01-01,"JACKSONVILLE, FL",United States,,,JAX,JACKSONVILLE INTL,Non-Fatal,Substantial,,N3906K,North American,NAVION L-17B,No,1.0,Reciprocating,,,Personal,,0.0,0.0,3.0,0.0,IMC,Cruise,Probable Cause,1982-01-01 00:00:00
20020909X01559,Accident,FTW82DA034,1982-01-01,"HOBBS, NM",United States,,,Unknown,Unknown,Non-Fatal,Substantial,,N44832,Piper,PA-28-161,No,1.0,Reciprocating,,,Personal,,0.0,0.0,0.0,1.0,VMC,Approach,Probable Cause,1982-01-01 00:00:00
20020909X01558,Accident,ATL82DKJ10,1982-01-01,"TUSKEGEE, AL",United States,,,Unknown,TUSKEGEE,Non-Fatal,Substantial,,N4275S,Beech,V35B,No,1.0,Reciprocating,,,Personal,,0.0,0.0,0.0,1.0,VMC,Landing,Probable Cause,1982-01-01 00:00:00
20020917X02148,Accident,FTW82FRJ07,1982-01-02,"HOMER, LA",United States,,,Unknown,Unknown,Non-Fatal,Destroyed,Airplane,N14779,Bellanca,17-30A,No,1.0,Reciprocating,Part 91: General Aviation,,Personal,,0.0,0.0,1.0,0.0,IMC,Cruise,Probable Cause,1983-01-02 00:00:00
20020917X02134,Accident,FTW82FRA14,1982-01-02,"HEARNE, TX",United States,,,T72,HEARNE MUNICIPAL,Fatal(1),Destroyed,Airplane,N758SK,Cessna,R172K,No,1.0,Reciprocating,Part 91: General Aviation,,Personal,,1.0,0.0,0.0,0.0,IMC,Takeoff,Probable Cause,1983-01-02 00:00:00
20020917X02119,Accident,FTW82FPJ10,1982-01-02,"CHICKASHA, OK",United States,,,Unknown,Unknown,Fatal(1),Destroyed,Airplane,N4876K,Navion,A,No,1.0,Reciprocating,Part 91: General Aviation,,Personal,,1.0,0.0,0.0,0.0,IMC,Cruise,Probable Cause,1983-01-02 00:00:00
20020917X02117,Accident,FTW82FPG08,1982-01-02,"LITTLE ROCK, AR",United States,,,Unknown,Unknown,Fatal(2),Destroyed,Airplane,N9779L,Beech,19,No,1.0,Reciprocating,Part 91: General Aviation,,Personal,,2.0,0.0,0.0,0.0,IMC,Cruise,Probable Cause,1983-01-02 00:00:00
20020917X01962,Accident,DEN82DTM08,1982-01-02,"MIDWAY, UT",United States,,,Unknown,FIELD RANCH,Non-Fatal,Destroyed,Helicopter,N51735,Enstrom,280C,No,1.0,Reciprocating,Part 91: General Aviation,,Personal,,0.0,0.0,0.0,1.0,IMC,Taxi,Probable Cause,1983-01-02 00:00:00
20020917X01656,Accident,ANC82FAG14,1982-01-02,"SKWENTA, AK",United States,,,Unknown,Unknown,Fatal(3),Destroyed,Airplane,N7641A,Cessna,180,No,1.0,Reciprocating,Part 91: General Aviation,,Personal,,3.0,0.0,0.0,0.0,VMC,Unknown,Probable Cause,1983-01-02 00:00:00
20020917X02481,Accident,NYC82DA016,1982-01-02,"GALETON, PA",United States,,,5G6,CHERRY SPRINGS,Non-Fatal,Substantial,Airplane,N25084,Cessna,172,No,1.0,Reciprocating,Part 91: General Aviation,,Personal,,0.0,0.0,0.0,1.0,VMC,Taxi,Probable Cause,1983-01-02 00:00:00
20020917X02339,Accident,MIA82DA028,1982-01-02,"MIAMI, FL",United States,,,Unknown,Unknown,Non-Fatal,Substantial,Helicopter,N23BS,Smith,WCS-222 (BELL 47G),No,1.0,Reciprocating,Part 91: General Aviation,,Personal,,0.0,0.0,0.0,2.0,VMC,Cruise,Probable Cause,1983-01-02 00:00:00
20020917X01894,Accident,CHI82FEC08,1982-01-02,"YPSILANTI, MI",United States,,,YIP,WILLOW RUN,Non-Fatal,Substantial,Airplane,N68812,Cessna,152,No,1.0,Reciprocating,Part 91: General Aviation,,Instructional,,0.0,0.0,0.0,1.0,VMC,Takeoff,Probable Cause,1983-01-02 00:00:00
20020917X01776,Accident,CHI82DA020,1982-01-02,"CHARLOTTE, MI",United States,,,49G,TINKERBELL,Non-Fatal,Substantial,Airplane,N1549Q,Cessna,150L,No,1.0,Reciprocating,Part 91: General Aviation,,Personal,,0.0,0.0,0.0,2.0,VMC,Approach,Probable Cause,1983-01-02 00:00:00
20020917X01657,Accident,ATL82DA027,1982-01-02,"CHAMBLEE, GA",United States,,,PDK,Unknown,Non-Fatal,Substantial,Helicopter,N5745Y,Bell,206L-1,No,1.0,Turbo Shaft,Part 135: Air Taxi & Commuter,NSCH,Unknown,"Rocky Mountain Helicopters, In",0.0,0.0,0.0,1.0,VMC,Approach,Probable Cause,1983-01-02 00:00:00
20020917X02333,Incident,LAX82IA034,1982-01-03,"VAN NUYS, CA",United States,,,VNY,VAN NUYS,Incident,Minor,Airplane,N5018P,Piper,PA-24-180,No,1.0,Reciprocating,Part 91: General Aviation,,Personal,,0.0,0.0,0.0,1.0,VMC,Approach,Probable Cause,1983-01-03 00:00:00
20020917X02255,Accident,LAX82FA040,1982-01-03,"10 NM W LEE VIN, CA",United States,,,Unknown,Unknown,Fatal(2),Destroyed,Airplane,N28912,Grumman,AA-5B,No,1.0,Reciprocating,Part 91: General Aviation,,Personal,,2.0,1.0,0.0,0.0,IMC,Descent,Probable Cause,1983-01-03 00:00:00
20020917X01905,Accident,DCA82AA008,1982-01-03,"ASHLAND, VA",United States,,,Unknown,HANOVER COUNTY,Fatal(8),Destroyed,Airplane,N2620L,Cessna,414A,No,2.0,Reciprocating,Part 91: General Aviation,,Business,,8.0,0.0,0.0,0.0,IMC,Approach,Probable Cause,1983-01-03 00:00:00
20020917X01720,Accident,ATL82FA033,1982-01-03,"PINEHURST, NC",United States,,,SOP,MOORE COUNTY,Fatal(1),Destroyed,Airplane,N10VS,Beechcraft,BE-58,No,2.0,Reciprocating,Part 91: General Aviation,,Personal,,1.0,0.0,0.0,0.0,IMC,Approach,Probable Cause,1983-01-03 00:00:00
20020917X02483,Accident,NYC82DA018,1982-01-03,"WHITE PLAINS, NY",United States,,,HPN,WESTCHESTER COUNTY,Non-Fatal,Substantial,Airplane,N7125D,Maule,M-5-235C,No,1.0,Reciprocating,Part 91: General Aviation,,Personal,,0.0,0.0,0.0,2.0,VMC,Landing,Probable Cause,1983-01-03 00:00:00
20020917X02340,Accident,MIA82DA030,1982-01-03,"COCOA, FL",United States,,,Unknown,Unknown,Non-Fatal,Substantial,Airplane,N94252,Cessna,210L,No,1.0,Reciprocating,Part 91: General Aviation,,Personal,,0.0,0.0,1.0,1.0,VMC,Descent,Probable Cause,1983-01-03 00:00:00
20020917X02155,Accident,LAX82DA035,1982-01-03,"SAN CLEMENTINE, CA",United States,,,Unknown,Unknown,Non-Fatal,Substantial,Airplane,N8630V,Bellanca,7GCBC,No,1.0,Reciprocating,Part 91: General Aviation,,Personal,,0.0,0.0,2.0,0.0,VMC,Maneuvering,Probable Cause,1983-01-03 00:00:00
20020917X01992,Accident,FTW82DA036,1982-01-03,"FORT WORTH, TX",United States,,,Unknown,OAK GROVE,Non-Fatal,Substantial,Airplane,N71054,Cessna,182,No,1.0,Reciprocating,Part 91: General Aviation,,Personal,,0.0,0.0,2.0,0.0,VMC,Approach,Probable Cause,1983-01-03 00:00:00
20020917X01960,Accident,DEN82DTI09,1982-01-03,"GREENOUGH, MT",United States,,,Unknown,Unknown,Non-Fatal,Substantial,Airplane,N23069,Air Tractor,AT-301,No,1.0,Reciprocating,Part 91: General Aviation,,Ferry,,0.0,0.0,0.0,1.0,VMC,Takeoff,Probable Cause,1983-01-03 00:00:00
20020917X02618,Accident,SEA82FA015,1982-01-04,"PLEASANT HILL, OR",United States,,,Unknown,Unknown,Fatal(4),Destroyed,Airplane,N8265A,Piper,PA-28-161,No,1.0,Reciprocating,Part 91: General Aviation,,Personal,,4.0,0.0,0.0,0.0,VMC,Cruise,Probable Cause,1983-01-04 00:00:00
20020917X02254,Accident,LAX82FA038,1982-01-04,"NEAR LAS VEGAS, NV",United States,,,Unknown,Unknown,Fatal(2),Destroyed,Airplane,N1956H,Piper,PA-34-200T,No,2.0,Reciprocating,Part 135: Air Taxi & Commuter,NSCH,Unknown,Lang Air Service,2.0,0.0,0.0,0.0,VMC,Cruise,Probable Cause,1983-01-04 00:00:00
20020917X01880,Accident,CHI82FA019,1982-01-04,"FORT WAYNE, IN",United States,,,Unknown,Unknown,Fatal(2),Destroyed,Airplane,N2CU,Cessna,T337G,No,2.0,Reciprocating,Part 91: General Aviation,,Personal,,2.0,2.0,0.0,0.0,IMC,Cruise,Probable Cause,1983-01-04 00:00:00
20020917X01991,Accident,FTW82DA035,1982-01-04,"ESTANCIA, NM",United States,,,E92,ESTANCIA MUNICIPAL,Non-Fatal,Substantial,Airplane,N32335,Piper,PA-28R-200,No,1.0,Reciprocating,Part 91: General Aviation,,Personal,,0.0,0.0,2.0,0.0,VMC,Cruise,Probable Cause,1983-01-04 00:00:00
20020917X02410,Accident,MIA82FKA05,1982-01-04,SAINT CROIX,,,,STX,ALEXANDER HAMILTON,Fatal(1),Destroyed,Airplane,N5151U,Cessna,206,No,1.0,Reciprocating,Part 91: General Aviation,,Business,,1.0,0.0,1.0,0.0,VMC,Taxi,Probable Cause,1983-01-04 00:00:00
20020917X02304,Accident,LAX82FUM06,1982-01-05,"RAMONA, CA",United States,,,L39,RAMONA,Fatal(3),Destroyed,Airplane,N4520K,Navion,A,No,1.0,Reciprocating,Part 91: General Aviation,,Business,,3.0,0.0,0.0,0.0,IMC,Cruise,Probable Cause,1983-01-05 00:00:00
20020917X02253,Accident,LAX82FA036,1982-01-05,"BLACK CANYON CI, AZ",United States,,,Unknown,Unknown,Fatal(1),Destroyed,Airplane,N4696Z,Piper,PA-22,No,1.0,Reciprocating,Part 91: General Aviation,,Personal,,1.0,0.0,0.0,0.0,IMC,Cruise,Probable Cause,1983-01-05 00:00:00
20020917X01906,Accident,DCA82AA009,1982-01-05,"ITHACA, NY",United States,,,Unknown,TOMPKINS COUNTY,Fatal(2),Destroyed,Airplane,N546BA,Piper,PA-31,No,2.0,Reciprocating,Part 135: Air Taxi & Commuter,SCHD,Unknown,Empire Airlines,2.0,0.0,0.0,0.0,VMC,Approach,Probable Cause,1983-01-05 00:00:00
20020917X01764,Incident,ATL82IA029,1982-01-05,"PENSACOLA, FL",United States,,,Unknown,Unknown,Incident,Minor,Airplane,N5782N,Rockwell,114,No,1.0,Reciprocating,Part 91: General Aviation,,Business,,0.0,0.0,0.0,1.0,VMC,Cruise,Probable Cause,1983-01-05 00:00:00
20020917X01993,Accident,FTW82DA037,1982-01-05,"LONOKE, AR",United States,,,Unknown,Unknown,Non-Fatal,Substantial,Airplane,N5304P,Piper,PA-24-250,No,1.0,Reciprocating,Part 91: General Aviation,,Business,,0.0,1.0,0.0,1.0,VMC,Descent,Probable Cause,1983-01-05 00:00:00
20020917X01658,Accident,ATL82DA028,1982-01-05,"GASTONIA, NC",United States,,,0A6,Unknown,Non-Fatal,Substantial,Airplane,N2139T,Piper,PA-28R-200,No,1.0,Reciprocating,Part 91: General Aviation,,Ferry,,0.0,0.0,0.0,1.0,VMC,Cruise,Probable Cause,1983-01-05 00:00:00
20020917X02156,Accident,LAX82DA037,1982-01-05,"SPRINGERVILLE, AZ",United States,,,Q35,SPRINGERVILLE,Non-Fatal,Substantial,Airplane,N738XP,Cessna,TR182,No,1.0,Reciprocating,Part 135: Air Taxi & Commuter,NSCH,Unknown,Joel Frederick's Monarch Air,0.0,0.0,0.0,1.0,VMC,Taxi,Probable Cause,1983-01-05 00:00:00
20020917X01651,Accident,ANC82FA012,1982-01-05,"BETHEL, AK",United States,,,BET,BETHEL,Non-Fatal,Substantial,Airplane,N3343S,Cessna,A185F,No,1.0,Reciprocating,Part 135: Air Taxi & Commuter,NSCH,Unknown,Executive Charter Service,0.0,2.0,0.0,0.0,VMC,Takeoff,Probable Cause,1983-01-05 00:00:00
20020917X02423,Accident,MKC82DA016,1982-01-06,"ROLLA, MO",United States,,,K07,DOWNTOWN,Non-Fatal,Substantial,Airplane,N2672A,Cessna,340,Yes,2.0,Reciprocating,Part 91: General Aviation,,Executive/corporate,,0.0,0.0,0.0,3.0,VMC,Approach,Probable Cause,1983-01-06 00:00:00
20020917X02157,Accident,LAX82DA039,1982-01-06,"MAMMOTH LAKES, CA",United States,,,MMH,MAMMOTH LAKES,Non-Fatal,Substantial,Helicopter,N608RA,Aerospatiale,SA-316B,No,1.0,Turbo Shaft,Part 91: General Aviation,,Business,,0.0,0.0,0.0,6.0,VMC,Taxi,Probable Cause,1983-01-06 00:00:00
20020917X01913,Accident,DEN82DA015,1982-01-06,"JACKSON, WY",United States,,,Unknown,JACKSON HOLE,Non-Fatal,Substantial,Airplane,N8070Q,Beech,35,No,1.0,Reciprocating,Part 91: General Aviation,,Personal,,0.0,0.0,0.0,3.0,VMC,Climb,Probable Cause,1983-01-06 00:00:00
20020917X01777,Accident,CHI82DA021,1982-01-06,"PAXTON, IL",United States,,,1C1,PAXTON MUNICIPAL,Non-Fatal,Substantial,Airplane,N4900L,Cessna,152,No,1.0,Reciprocating,Part 91: General Aviation,,Instructional,,0.0,0.0,0.0,2.0,VMC,Approach,Probable Cause,1983-01-06 00:00:00
20020917X01757,Accident,ATL82FLG08,1982-01-06,"HILTON HEAD, SC",United States,,,Unknown,Unknown,Non-Fatal,Substantial,Airplane,N201NH,Mooney,M-20J,No,1.0,Reciprocating,Part 91: General Aviation,,Business,,0.0,0.0,0.0,2.0,VMC,Takeoff,Probable Cause,1983-01-06 00:00:00
20020917X02242,Accident,LAX82DVA10,1982-01-06,"NEAR BAKERSFIEL, CA",United States,,,Unknown,Unknown,Non-Fatal,Substantial,Airplane,N59737,Boeing,A75,No,1.0,Reciprocating,Part 91: General Aviation,,Unknown,,0.0,1.0,0.0,1.0,IMC,Cruise,Probable Cause,1983-01-06 00:00:00
20020917X01964,Accident,DEN82FA016,1982-01-07,"HELENA, MT",United States,,,Unknown,Unknown,Fatal(2),Destroyed,Airplane,N9763X,Cessna,210,No,1.0,Reciprocating,Part 135: Air Taxi & Commuter,NSCH,Unknown,Robert R. Hylton,2.0,0.0,0.0,0.0,VMC,Cruise,Probable Cause,1983-01-07 00:00:00
20020917X01659,Accident,ATL82DA031,1982-01-07,"WESTMINISTER, MD",United States,,,2W2,CLEARVIEW,Non-Fatal,Substantial,Airplane,N117P,Beech,V35,No,1.0,Reciprocating,Part 91: General Aviation,,Personal,,0.0,0.0,0.0,1.0,VMC,Approach,Probable Cause,1983-01-07 00:00:00
20020917X02141,Accident,FTW82FRG20,1982-01-07,"LAREDO, TX",United States,,,LRD,LAREDO INTL,Non-Fatal,Substantial,Airplane,N1698M,Curtis,C46,No,2.0,Reciprocating,"Part 125: 20+ Pax,6000+ lbs",NSCH,Unknown,,0.0,0.0,0.0,3.0,VMC,Standing,Probable Cause,1983-01-07 00:00:00
20020917X02414,Accident,MIA82FLD14,1982-01-08,"ODESSA, FL",United States,,,X41,W. PASCO,Fatal(1),Destroyed,Airplane,N80264,Cessna,172M,No,1.0,Reciprocating,Part 91: General Aviation,,Personal,,1.0,0.0,0.0,0.0,IMC,Approach,Probable Cause,1983-01-08 00:00:00
20020917X01881,Accident,CHI82FA024,1982-01-08,"NEW PHILADELPHI, OH",United States,,,PHO,HARRY CLEVER FIELD,Fatal(1),Destroyed,Airplane,N207CB,Piper,PA-28-140,No,1.0,Reciprocating,Part 91: General Aviation,,Personal,,1.0,1.0,0.0,0.0,VMC,Approach,Probable Cause,1983-01-08 00:00:00
20020917X02574,Accident,SEA82DA016,1982-01-08,"PULLMAN, WA",United States,,,PUW,PULLMAN-MOSCOW REGIONAL,Non-Fatal,Substantial,Airplane,N6106U,Cessna,TU206G,No,1.0,Reciprocating,Part 91: General Aviation,,Business,,0.0,0.0,0.0,1.0,VMC,Landing,Probable Cause,1983-01-08 00:00:00
20020917X02484,Accident,NYC82DA019,1982-01-08,"CUTCHOGUE, NY",United States,,,Unknown,Unknown,Non-Fatal,Substantial,Airplane,N46681,Cessna,152,No,1.0,Reciprocating,Part 91: General Aviation,,Instructional,,0.0,0.0,0.0,1.0,VMC,Cruise,Probable Cause,1983-01-08 00:00:00
20020917X02431,Accident,MKC82DA026,1982-01-08,"LIBERTY, MO",United States,,,Unknown,MITHELL,Non-Fatal,Substantial,Airplane,N7618P,Piper,PA-24-250,No,1.0,Reciprocating,Part 91: General Aviation,,Instructional,,0.0,0.0,0.0,2.0,VMC,Landing,Probable Cause,1983-01-08 00:00:00
20020917X01779,Accident,CHI82DA023,1982-01-08,"PEORIA, IL",United States,,,3MY,MOUNT HAWLEY,Non-Fatal,Substantial,Airplane,N6265P,Cessna,152,No,1.0,Reciprocating,Part 91: General Aviation,,Instructional,,0.0,0.0,0.0,1.0,VMC,Takeoff,Probable Cause,1983-01-08 00:00:00
20020917X01778,Accident,CHI82DA022,1982-01-08,"SANDUSKY, OH",United States,,,SKY,GRIFFING-SANDUSKY,Non-Fatal,Substantial,Airplane,N737LH,Cessna,172N,No,1.0,Reciprocating,Part 91: General Aviation,,Personal,,0.0,0.0,0.0,2.0,VMC,Landing,Probable Cause,1983-01-08 00:00:00
20020917X01717,Accident,ATL82DLG09,1982-01-08,"GRANTITEVILLE, SC",United States,,,SC42,TWIN LAKES,Non-Fatal,Substantial,Airplane,N25225,Cessna,152,No,1.0,Reciprocating,Part 91: General Aviation,,Instructional,,0.0,0.0,0.0,1.0,VMC,Landing,Probable Cause,1983-01-08 00:00:00
20020917X02247,Accident,LAX82DVG13,1982-01-09,"CALISTOGA, CA",United States,,,Unknown,CALISTOGA,Non-Fatal,Substantial,Glider,N10UP,Schleicher,ASW 20,No,0.0,Unknown,Part 91: General Aviation,,Personal,,0.0,0.0,0.0,1.0,VMC,Landing,Probable Cause,1983-01-09 00:00:00
20020917X02246,Accident,LAX82DVG12,1982-01-09,"NAPA, CA",United States,,,Unknown,NAPA,Non-Fatal,Substantial,Airplane,N731NZ,Cessna,P210N,No,1.0,Reciprocating,Part 91: General Aviation,,Personal,,0.0,1.0,0.0,3.0,VMC,Landing,Probable Cause,1983-01-09 00:00:00
20020917X01995,Accident,FTW82DA039,1982-01-09,"FRUIT VALE, TX",United States,,,Unknown,PRIVATE STRIP,Non-Fatal,Substantial,Airplane,N7355A,Cessna,172,No,1.0,Reciprocating,Part 91: General Aviation,,Personal,,0.0,0.0,0.0,2.0,VMC,Approach,Probable Cause,1983-01-09 00:00:00
20020917X01994,Accident,FTW82DA038,1982-01-09,"TOMBALL, TX",United States,,,DWH,DAVID WAYNE HOOKS,Non-Fatal,Substantial,Airplane,N55489,Piper,PA-34,No,2.0,Reciprocating,Part 91: General Aviation,,Personal,,0.0,0.0,0.0,3.0,VMC,Taxi,Probable Cause,1983-01-09 00:00:00
20020917X02283,Accident,LAX82FJA03,1982-01-09,"MOKULEIA, HI",United States,,,Unknown,DILLINGHAM,Non-Fatal,Substantial,Airplane,N5639V,Cessna,305 (L-19),No,1.0,Reciprocating,Part 91: General Aviation,,Unknown,,0.0,0.0,0.0,2.0,VMC,Landing,Probable Cause,1983-01-09 00:00:00
20020917X01981,Accident,DEN82FTE15,1982-01-09,"STEAMBOAT SPRIN, CO",United States,,,SBS,ROUTT CITY,Non-Fatal,Substantial,Airplane,N2195G,Cessna,182A,No,1.0,Reciprocating,Part 91: General Aviation,,Unknown,,0.0,0.0,0.0,1.0,VMC,Approach,Probable Cause,1983-01-09 00:00:00
20020917X02341,Accident,MIA82DA032,1982-01-10,"OKEECHOBEE, FL",United States,,,Unknown,LOWERY DAVIS,Non-Fatal,Destroyed,Airplane,N567V,Piper,PA-23-250,No,2.0,Reciprocating,Part 91: General Aviation,,Unknown,,0.0,2.0,0.0,0.0,UNK,Approach,Probable Cause,1983-01-10 00:00:00
20020917X02158,Accident,LAX82DA041,1982-01-10,"BULLHEAD CITY, AZ",United States,,,P06,BULLHEAD CITY,Non-Fatal,Destroyed,Airplane,N2753J,Cessna,172N,No,1.0,Reciprocating,Part 91: General Aviation,,Personal,,0.0,0.0,0.0,4.0,VMC,Landing,Probable Cause,1983-01-10 00:00:00
20020917X01882,Accident,CHI82FA025,1982-01-10,"WHEELING, IL",United States,,,PWK,PALWAUKEE,Non-Fatal,Destroyed,Airplane,N6995Y,Piper,23-250,No,2.0,Reciprocating,Part 91: General Aviation,,Personal,,0.0,0.0,0.0,2.0,IMC,Takeoff,Probable Cause,1983-01-10 00:00:00
20020917X01719,Accident,ATL82FA032,1982-01-10,"HENDERSON, NC",United States,,,Unknown,Unknown,Fatal(1),Destroyed,Airplane,N3688N,Mooney,M20G,No,1.0,Reciprocating,Part 91: General Aviation,,Personal,,1.0,1.0,0.0,0.0,VMC,Cruise,Probable Cause,1983-01-10 00:00:00
20020917X02305,Accident,LAX82FUQ07,1982-01-10,"MOJAVE, CA",United States,,,Unknown,Unknown,Non-Fatal,Substantial,Airplane,N2644Q,Cessna,TU206F,No,1.0,Reciprocating,Part 91: General Aviation,,Personal,,0.0,0.0,4.0,0.0,VMC,Landing,Probable Cause,1983-01-10 00:00:00
20020917X02289,Accident,LAX82FUG05,1982-01-10,"UPLAND, CA",United States,,,Unknown,Unknown,Non-Fatal,Substantial,Airplane,N234Q,Quickie,1,Yes,1.0,Reciprocating,Part 91: General Aviation,,Personal,,0.0,0.0,0.0,1.0,VMC,Takeoff,Probable Cause,1983-01-10 00:00:00
20020917X01623,Accident,ANC82DA013,1982-01-10,"QUINHAGAK, AK",United States,,,Unknown,Unknown,Non-Fatal,Substantial,Airplane,N756YN,Cessna,U206,No,1.0,Reciprocating,Part 135: Air Taxi & Commuter,NSCH,Unknown,Tri-city Air Service,0.0,0.0,3.0,0.0,VMC,Cruise,Probable Cause,1983-01-10 00:00:00
20020917X01985,Accident,DEN82FTI10,1982-01-11,"NEAR BOZEMAN, MT",United States,,,Unknown,Unknown,Non-Fatal,Destroyed,Airplane,N7273J,Piper,PA-28-140,No,1.0,Reciprocating,Part 91: General Aviation,,Personal,,0.0,1.0,1.0,0.0,VMC,Cruise,Probable Cause,1983-01-11 00:00:00
20020917X01965,Accident,DEN82FA017,1982-01-11,"RIVERTON, WY",United States,,,Unknown,RIVERTON REGIONAL,Fatal(4),Destroyed,Airplane,N6558A,Cessna,210N,No,1.0,Reciprocating,Part 91: General Aviation,,Personal,,4.0,1.0,1.0,0.0,IMC,Takeoff,Probable Cause,1983-01-11 00:00:00
20020917X01982,Accident,DEN82FTE16,1982-01-11,"SAQUACHE, CO",United States,,,28V,COCHETOPA,Non-Fatal,Substantial,Airplane,N2332C,Cessna,180,No,1.0,Reciprocating,Part 91: General Aviation,,Personal,,0.0,0.0,0.0,1.0,VMC,Takeoff,Probable Cause,1983-01-11 00:00:00
20020917X01715,Accident,ATL82DKJ09,1982-01-11,"AUBURN, AL",United States,,,AVO,AUBURN/OPELIKA,Non-Fatal,Substantial,Airplane,N424VW,Cessna,310L,No,2.0,Reciprocating,Part 91: General Aviation,,Personal,,0.0,0.0,0.0,1.0,VMC,Landing,Probable Cause,1983-01-11 00:00:00
20020917X01897,Incident,CHI82IA026,1982-01-12,"CHICAGO, IL",United States,,,ORD,CHICAGO O'HARE INTER'L,Incident,,Airplane,N31031,Lockheed,L-1011,No,3.0,Turbo Fan,Part 121: Air Carrier,SCHD,Unknown,Trans World Airlines,0.0,0.0,0.0,149.0,UNK,Cruise,Probable Cause,1983-01-12 00:00:00
20020917X01765,Incident,ATL82IA034,1982-01-12,"CLARKSBURG, WV",United States,,,CKB,BENEDUM,Incident,Minor,Airplane,N615KC,Embraer,EMB-110P1,No,2.0,Turbo Prop,Part 135: Air Taxi & Commuter,SCHD,Unknown,Aeromech Incorporated,0.0,0.0,0.0,2.0,VMC,Taxi,Probable Cause,1983-01-12 00:00:00
20020917X01750,Accident,ATL82FKQ09,1982-01-12,"ABERDEEN, MS",United States,,,Unknown,Unknown,Non-Fatal,Destroyed,Airplane,N7706,Cessna,414,No,2.0,Reciprocating,Part 91: General Aviation,,Personal,,0.0,0.0,3.0,0.0,UNK,Descent,Probable Cause,1983-01-12 00:00:00
20020917X02111,Accident,FTW82FPA10,1982-01-12,"ADDISON, TX",United States,,,11,ADDISON,Non-Fatal,Substantial,Airplane,N8678M,Beech,P35,No,1.0,Reciprocating,Part 91: General Aviation,,Personal,,0.0,1.0,0.0,1.0,IMC,Descent,Probable Cause,1983-01-12 00:00:00
20020917X02342,Accident,MIA82DA033,1982-01-13,"MONTICELLO, FL",United States,,,Unknown,Unknown,Non-Fatal,Destroyed,Airplane,N28607,Grumman,AA5B,No,1.0,Reciprocating,Part 91: General Aviation,,Personal,,0.0,0.0,0.0,1.0,VMC,Descent,Probable Cause,1983-01-13 00:00:00
20020917X01907,Accident,DCA82AA011,1982-01-13,"WASHINGTON, DC",United States,,,Unknown,WASHINGTON NATIONAL,Fatal(78),Destroyed,,N62AF,Boeing,737-222,No,2.0,Turbo Fan,,SCHD,Unknown,"Air Florida, Inc",78.0,6.0,3.0,0.0,IMC,Takeoff,Probable Cause,1983-01-13 00:00:00
20020917X02120,Accident,FTW82FPJ11,1982-01-13,"WATONGA, OK",United States,,,Unknown,Unknown,Non-Fatal,Substantial,Airplane,N47442,Piper,PA-28R-201T,No,1.0,Reciprocating,Part 91: General Aviation,,Personal,,0.0,0.0,0.0,3.0,VMC,Cruise,Probable Cause,1983-01-13 00:00:00
20020917X01996,Accident,FTW82DA040,1982-01-13,"HOBBS, NM",United States,,,HOB,LEA COUNTY HOBBS,Non-Fatal,Substantial,Airplane,N2396W,Beech,A23-24,No,1.0,Reciprocating,Part 91: General Aviation,,Personal,,0.0,0.0,0.0,4.0,VMC,Takeoff,Probable Cause,1983-01-13 00:00:00
20020917X02575,Accident,SEA82DA017,1982-01-13,"SPOKANE, WA",United States,,,Unknown,GEIGER FIELD,Non-Fatal,Substantial,Airplane,N36PB,Piper,PA-31-350,No,2.0,Reciprocating,Part 135: Air Taxi & Commuter,NSCH,Unknown,Richard Engstrom,0.0,0.0,0.0,2.0,IMC,Approach,Probable Cause,1983-01-13 00:00:00
20020917X01966,Accident,DEN82FA018,1982-01-15,"28 MI ENE OGDEN, UT",United States,,,Unknown,Unknown,Fatal(3),Destroyed,Airplane,N6520Y,Cessna,T210N,No,1.0,Reciprocating,Part 91: General Aviation,,Personal,,3.0,0.0,0.0,0.0,VMC,Climb,Probable Cause,1983-01-15 00:00:00
20020917X02486,Accident,NYC82DA022,1982-01-15,"BUTLER, PA",United States,,,3G9,BUTLER ROE,Non-Fatal,Substantial,,N4875B,Cessna,310,No,2.0,Reciprocating,,,Personal,,0.0,0.0,0.0,2.0,VMC,Approach,Probable Cause,1983-01-15 00:00:00
20020917X02395,Accident,MIA82DKJ03,1982-01-15,"MALONE, FL",United States,,,Unknown,TAYLOR FARMS,Non-Fatal,Substantial,Airplane,N5559T,Cessna,172,No,1.0,Reciprocating,Part 91: General Aviation,,Personal,,0.0,0.0,0.0,2.0,VMC,Landing,Probable Cause,1983-01-15 00:00:00
20020917X02577,Accident,SEA82DA019,1982-01-15,"S.E. OF MALTA, ID",United States,,,Unknown,Unknown,Non-Fatal,Substantial,Helicopter,N58203,Hughes,269C,No,1.0,Reciprocating,Part 91: General Aviation,,Unknown,,0.0,0.0,0.0,1.0,VMC,Taxi,Probable Cause,1983-01-15 00:00:00
20020917X02576,Accident,SEA82DA018,1982-01-15,"SPOKANE, WA",United States,,,SFF,FELTS,Non-Fatal,Substantial,Airplane,N72901,Cessna,140,No,1.0,Reciprocating,Part 91: General Aviation,,Unknown,,0.0,0.0,0.0,1.0,VMC,Takeoff,Probable Cause,1983-01-15 00:00:00
20020917X02538,Accident,NYC82FA021,1982-01-15,"JAMAICA, NY",United States,,,JFK,JOHN F. KENNEDY INT'L,Non-Fatal,Substantial,Airplane,N341PL,Swearingen,SA 226-TC,No,2.0,Turbo Prop,Part 135: Air Taxi & Commuter,SCHD,Unknown,Pocono Airlines,0.0,1.0,2.0,12.0,VMC,Takeoff,Probable Cause,1983-01-15 00:00:00
20020917X01780,Accident,CHI82DA027,1982-01-15,"ANOKA, MN",United States,,,ANE,ANOKA COUNTY,Non-Fatal,Substantial,Airplane,N300JR,Beech,C-45H,No,2.0,Reciprocating,Part 91: General Aviation,,Unknown,,0.0,0.0,0.0,2.0,VMC,Landing,Probable Cause,1983-01-15 00:00:00
20020917X01625,Accident,ANC82DA015,1982-01-15,"NEAR NUIQSUT, AK",United States,,,Unknown,Unknown,Non-Fatal,Substantial,Airplane,N1459T,De Havilland,DHC-2-MK3,No,1.0,Turbo Prop,Part 135: Air Taxi & Commuter,NSCH,Unknown,"Sea Airmotive, Inc.",0.0,0.0,0.0,4.0,VMC,Landing,Probable Cause,1983-01-15 00:00:00
20020917X02096,Accident,FTW82FA041,1982-01-16,"HOUMA, LA",United States,,,Unknown,Unknown,Fatal(1),Destroyed,Helicopter,N1081H,Bell Helicopter,206L-1,No,1.0,Turbo Shaft,Part 135: Air Taxi & Commuter,NSCH,Unknown,Offshore Logistics,1.0,2.0,0.0,0.0,IMC,Cruise,Probable Cause,1983-01-16 00:00:00
20020917X02487,Accident,NYC82DA023,1982-01-16,"SWANTON, VT",United States,,,1B7,FRANKLIN COUNTY,Non-Fatal,Substantial,Airplane,N704KE,Cessna,150M,No,1.0,Reciprocating,Part 91: General Aviation,,Personal,,0.0,0.0,0.0,1.0,VMC,Go-around,Probable Cause,1983-01-16 00:00:00
20020917X02321,Accident,LAX82FVG14,1982-01-17,"DAVIS, CA",United States,,,005,UNIVERSITY,Fatal(1),Destroyed,Airplane,N63182,Cessna,150M,No,1.0,Reciprocating,Part 91: General Aviation,,Personal,,1.0,0.0,0.0,0.0,IMC,Takeoff,Probable Cause,1983-01-17 00:00:00
20020917X02306,Accident,LAX82FUQ08,1982-01-17,"MOJAVE, CA",United States,,,MHV,MOJANE,Fatal(1),Destroyed,Airplane,N381JH,Bede Aircraft,BD-5B,Yes,1.0,Reciprocating,Part 91: General Aviation,,Personal,,1.0,0.0,0.0,0.0,VMC,Maneuvering,Probable Cause,1983-01-17 00:00:00
20020917X02294,Accident,LAX82FUJ24,1982-01-17,"SUNFLOWER, AZ",United States,,,Unknown,Unknown,Non-Fatal,Destroyed,Airplane,N7383S,Cessna,182P,No,1.0,Reciprocating,Part 91: General Aviation,,Unknown,,0.0,0.0,1.0,0.0,VMC,Other,Probable Cause,1983-01-17 00:00:00
20020917X02159,Accident,LAX82DA042,1982-01-17,"HONOLULU, HI",United States,,,Unknown,HONOLULU INTL,Non-Fatal,Destroyed,Airplane,N21DR,Convair,440,No,2.0,Reciprocating,Part 135: Air Taxi & Commuter,SCHD,Unknown,Island Airlines Hawaii Inc.,0.0,0.0,2.0,1.0,VMC,Takeoff,Probable Cause,1983-01-17 00:00:00
20020917X02142,Accident,FTW82FRG21,1982-01-17,"PORT MANSFIELD, TX",United States,,,T05,PORT MANSFIELD,Fatal(1),Destroyed,Airplane,N9181Y,Piper,PA-31,No,2.0,Reciprocating,Part 91: General Aviation,,Unknown,,1.0,0.0,0.0,0.0,VMC,Approach,Probable Cause,1983-01-17 00:00:00
20020917X01967,Accident,DEN82FA020,1982-01-17,"DELTA, UT",United States,,,Unknown,Unknown,Non-Fatal,Destroyed,Airplane,N91TW,Piper,PA-31T,No,2.0,Turbo Prop,Part 91: General Aviation,,Personal,,0.0,0.0,3.0,0.0,VMC,Maneuvering,Probable Cause,1983-01-17 00:00:00
20020917X01721,Accident,ATL82FA035,1982-01-17,"PICAYUNE, MS",United States,,,PCU,PICAYUNE-PEARL RIVER CNTY,Fatal(2),Destroyed,Airplane,N654T,Beech,F50,No,2.0,Reciprocating,Part 91: General Aviation,,Unknown,,2.0,0.0,0.0,0.0,VMC,Takeoff,Probable Cause,1983-01-17 00:00:00
20020917X01624,Accident,ANC82DA014,1982-01-17,"ANCHORAGE, AK",United States,,,MRI,MERRILL FIELD,Non-Fatal,Destroyed,Airplane,N63516,Cessna,150,No,1.0,Reciprocating,Part 91: General Aviation,,Instructional,,0.0,0.0,1.0,1.0,VMC,Takeoff,Probable Cause,1983-01-17 00:00:00
20020917X01914,Accident,DEN82DA019,1982-01-17,"CEDAR CITY, UT",United States,,,Unknown,SWAINS CREEK,Non-Fatal,Substantial,Airplane,N2600Y,Cessna,180E,No,1.0,Reciprocating,Part 91: General Aviation,,Personal,,0.0,0.0,0.0,1.0,VMC,Maneuvering,Probable Cause,1983-01-17 00:00:00
20020917X01645,Accident,ANC82DAG15,1982-01-17,"TULUKSAK, AK",United States,,,Unknown,Unknown,Non-Fatal,Substantial,Airplane,N3574D,Cessna,170B,No,1.0,Reciprocating,Part 91: General Aviation,,Personal,,0.0,0.0,0.0,2.0,VMC,Landing,Probable Cause,1983-01-17 00:00:00
20020917X01660,Accident,ATL82DA036,1982-01-17,"CENTERVILLE, AL",United States,,,Unknown,Unknown,Non-Fatal,Substantial,Helicopter,N203AL,Bell,206B,No,1.0,Turbo Shaft,Part 91: General Aviation,,Unknown,,0.0,0.0,0.0,2.0,VMC,Maneuvering,Probable Cause,1983-01-17 00:00:00
20020917X02624,Accident,SEA82FYM08,1982-01-18,"ORCHARDS, WA",United States,,,Unknown,CLARK COUNTY,Non-Fatal,Destroyed,Airplane,N2127W,Beech,C23,No,1.0,Reciprocating,Part 91: General Aviation,,Business,,0.0,2.0,2.0,0.0,VMC,Descent,Probable Cause,1983-01-18 00:00:00
20020917X02257,Accident,LAX82FA047,1982-01-18,"DOWNIEVILLE, CA",United States,,,Unknown,Unknown,Fatal(1),Destroyed,Airplane,N5295R,Cessna,172M,No,1.0,Reciprocating,Part 91: General Aviation,,Personal,,1.0,0.0,0.0,0.0,IMC,Cruise,Probable Cause,1983-01-18 00:00:00
20020917X01723,Accident,ATL82FA039,1982-01-18,"BLAIRSVILLE, GA",United States,,,Unknown,Unknown,Fatal(3),Destroyed,Airplane,N4583J,Piper,PA-28-180,No,1.0,Reciprocating,Part 91: General Aviation,,Personal,,3.0,0.0,0.0,0.0,IMC,Cruise,Probable Cause,1983-01-18 00:00:00
20020917X01999,Accident,FTW82DA045,1982-01-18,"S.E. OF HOUMA, LA",United States,,,Unknown,Unknown,Non-Fatal,Substantial,Airplane,N2705K,Cessna,180K,No,1.0,Reciprocating,Part 91: General Aviation,,Business,,0.0,0.0,0.0,1.0,VMC,Takeoff,Probable Cause,1983-01-18 00:00:00
20020917X01722,Accident,ATL82FA037,1982-01-18,"MADISON COUNTY, AL",United States,,,HSV,HUNTSVILLE-MADISON COUNTY,Fatal(4),Substantial,Airplane,N641CH,Cessna,210L,No,1.0,Reciprocating,Part 91: General Aviation,,Personal,,4.0,0.0,0.0,0.0,IMC,Approach,Probable Cause,1983-01-18 00:00:00
20020917X02476,Accident,MKC82FCQ08,1982-01-19,"CEDAR VALE, KS",United States,,,KS30,MILLS RANCH,Fatal(1),Destroyed,Airplane,N7761M,Mooney,M20F,No,1.0,Reciprocating,Part 91: General Aviation,,Business,,1.0,0.0,0.0,0.0,VMC,Takeoff,Probable Cause,1983-01-19 00:00:00
20020917X02121,Accident,FTW82FPJ12,1982-01-19,"STILLWATER, OK",United States,,,SWO,STILLWATER MUNICIPAL,Fatal(2),Destroyed,Airplane,N4438D,Beech,G35,No,1.0,Reciprocating,Part 91: General Aviation,,Personal,,2.0,0.0,0.0,0.0,IMC,Maneuvering,Probable Cause,1983-01-19 00:00:00
20020917X01978,Accident,DEN82FTA09,1982-01-19,"WOLF PT., MT",United States,,,Unknown,Unknown,Fatal(1),Destroyed,Airplane,N35147,Cessna,177B,No,1.0,Reciprocating,Part 91: General Aviation,,Business,,1.0,2.0,0.0,0.0,UNK,Cruise,Probable Cause,1983-01-19 00:00:00
20020917X01908,Accident,DCA82AA012B,1982-01-19,"ROCKPORT, TX",United States,,,RKP,ARANSAS COUNTY AIRPORT,Fatal(3),Destroyed,Airplane,N26660,Grumman,AA5A,No,1.0,Reciprocating,Part 91: General Aviation,,Personal,,3.0,0.0,0.0,0.0,IMC,Approach,Probable Cause,1983-01-19 00:00:00
20020917X01908,Accident,DCA82AA012A,1982-01-19,"ROCKPORT, TX",United States,,,RKP,ARANSAS COUNTY AIRPORT,Fatal(3),Destroyed,Airplane,N336SA,Swearingen,SA226-T(B),No,2.0,Turbo Prop,Part 91: General Aviation,,Executive/corporate,,3.0,0.0,0.0,0.0,IMC,Approach,Probable Cause,1983-01-19 00:00:00
20020917X01766,Incident,ATL82IA038,1982-01-19,"WASHINGTON, DC",United States,,,IAD,Unknown,Incident,Minor,Airplane,N9240N,De Havilland,DHC-6-300,No,2.0,Turbo Prop,Part 91: General Aviation,,Ferry,,0.0,0.0,0.0,1.0,IMC,Descent,Probable Cause,1983-01-19 00:00:00
20020917X02490,Accident,NYC82DA026,1982-01-19,"SOMERSET, PA",United States,,,2G9,SOMERSET COUNTY,Non-Fatal,Substantial,Airplane,N8043J,Piper,AEROSTAR 601P,No,2.0,Reciprocating,Part 91: General Aviation,,Executive/corporate,,0.0,0.0,0.0,2.0,VMC,Takeoff,Probable Cause,1983-01-19 00:00:00
20020917X02488,Accident,NYC82DA024,1982-01-19,"ENFIELD, NH",United States,,,Unknown,Unknown,Non-Fatal,Substantial,Airplane,N68292,Cessna,152,No,1.0,Reciprocating,Part 91: General Aviation,,Instructional,,0.0,0.0,0.0,1.0,VMC,Cruise,Probable Cause,1983-01-19 00:00:00
20020917X02425,Accident,MKC82DA018,1982-01-19,"TOPEKA, KS",United States,,,Unknown,Unknown,Non-Fatal,Substantial,Airplane,N52757,Cessna,182P,No,1.0,Reciprocating,Part 91: General Aviation,,Aerial Observation,,0.0,0.0,1.0,1.0,VMC,Cruise,Probable Cause,1983-01-19 00:00:00
20020917X02424,Accident,MKC82DA017,1982-01-19,"URBANDALE, IA",United States,,,Y76,MORNINGSTAR,Non-Fatal,Substantial,Airplane,N1969Q,Cessna,177RG,No,1.0,Reciprocating,Part 91: General Aviation,,Personal,,0.0,0.0,0.0,2.0,VMC,Climb,Probable Cause,1983-01-19 00:00:00
20020917X02296,Accident,LAX82FUJ26,1982-01-19,"KINGMAN, AZ",United States,,,IGM,MOJANE,Non-Fatal,Substantial,Airplane,N824CB,Beachner,QUICK SILVER,Yes,1.0,Reciprocating,Part 91: General Aviation,,Personal,,0.0,0.0,1.0,0.0,VMC,Climb,Probable Cause,1983-01-19 00:00:00
20020917X02160,Accident,LAX82DA043,1982-01-19,"SANTA MONICA, CA",United States,,,SMO,SANTA MONICA,Non-Fatal,Substantial,Airplane,N9255X,Cessna,182E,No,1.0,Reciprocating,Part 91: General Aviation,,Personal,,0.0,0.0,0.0,1.0,VMC,Landing,Probable Cause,1983-01-19 00:00:00
20020917X01997,Accident,FTW82DA042,1982-01-19,"SHREVEPORT, LA",United States,,,SHV,SHREVEPORT REGIONAL,Non-Fatal,Substantial,Airplane,N6510S,Cessna,150H,No,1.0,Reciprocating,Part 91: General Aviation,,Personal,,0.0,0.0,0.0,1.0,VMC,Approach,Probable Cause,1983-01-19 00:00:00
20020917X01806,Accident,CHI82DA056,1982-01-19,"NEAR LANSING, MI",United States,,,Unknown,Unknown,Non-Fatal,Substantial,Airplane,N4140G,Cessna,340A,No,2.0,Reciprocating,Part 91: General Aviation,,Business,,0.0,0.0,0.0,2.0,UNK,Cruise,Probable Cause,1983-01-19 00:00:00
20020917X01781,Accident,CHI82DA028,1982-01-19,"GRAND RAPIDS, MI",United States,,,GRR,KENT COUNTY,Non-Fatal,Substantial,Airplane,N26093,Piper,PA-38-112,No,1.0,Reciprocating,Part 91: General Aviation,,Instructional,,0.0,0.0,0.0,2.0,VMC,Takeoff,Probable Cause,1983-01-19 00:00:00
20020917X02397,Accident,MIA82FA034,1982-01-19,"MIAMI, FL",United States,,,MIA,MIAMI INTL,Non-Fatal,Substantial,Airplane,HCBHS,Canadair,CL-44D4,No,4.0,Turbo Prop,Part 129: Foreign,NSCH,Unknown,"Acroservicios Eduatorianos, C",0.0,0.0,0.0,6.0,VMC,Landing,Probable Cause,1983-01-19 00:00:00
20020917X01628,Accident,ANC82DA019,1982-01-19,"TUNTUTULIAK, AK",United States,,,AK61,TUNTUTULIAK,Non-Fatal,Substantial,Airplane,N4246T,Piper,PA-32,No,1.0,Reciprocating,Part 135: Air Taxi & Commuter,NSCH,Unknown,Dennis L Gunder,0.0,0.0,0.0,2.0,VMC,Takeoff,Probable Cause,1983-01-19 00:00:00
20020917X02334,Incident,LAX82IA044,1982-01-20,"SAN JOSE, CA",United States,,,SJC,SAN JOSE MUNICIPAL,Incident,Minor,Airplane,N74HP,Piper,PA-31-350,No,2.0,Reciprocating,Part 91: General Aviation,,Executive/corporate,,0.0,0.0,0.0,2.0,VMC,Takeoff,Probable Cause,1983-01-20 00:00:00
20020917X02258,Accident,LAX82FA048,1982-01-20,"CHERRY VALLEY, CA",United States,,,Unknown,Unknown,Fatal(2),Destroyed,Airplane,N9395Q,Beech,58,No,2.0,Reciprocating,Part 91: General Aviation,,Personal,,2.0,0.0,0.0,0.0,IMC,Cruise,Probable Cause,1983-01-20 00:00:00
20020917X02256,Accident,LAX82FA045,1982-01-20,"ESCONDIDO, CA",United States,,,Unknown,Unknown,Fatal(3),Destroyed,Airplane,N92387,Cessna,182N,No,1.0,Reciprocating,Part 91: General Aviation,,Personal,,3.0,0.0,0.0,0.0,IMC,Descent,Probable Cause,1983-01-20 00:00:00
20020917X01751,Accident,ATL82FKQ10,1982-01-20,"MCCOMB, MS",United States,,,Unknown,MCCOMB-PIKE COUNTY,Fatal(1),Destroyed,Airplane,N6242Y,Piper,PA-23-250,No,2.0,Reciprocating,Part 91: General Aviation,,Business,,1.0,0.0,0.0,0.0,IMC,Approach,Probable Cause,1983-01-20 00:00:00
20020917X02398,Accident,MIA82FA035,1982-01-20,"ORLANDO, FL",United States,,,ORL,HERNDON,Fatal(1),Substantial,Airplane,N3318S,Cessna,210,No,1.0,Reciprocating,Part 91: General Aviation,,Personal,,1.0,0.0,0.0,1.0,VMC,Approach,Probable Cause,1983-01-20 00:00:00
20020917X01998,Accident,FTW82DA044,1982-01-20,"MIDLAND, TX",United States,,,MDD,MIDLAND AIRPARK,Non-Fatal,Substantial,Airplane,N5350M,Cessna,152,No,1.0,Reciprocating,Part 91: General Aviation,,Instructional,,0.0,0.0,0.0,1.0,VMC,Landing,Probable Cause,1983-01-20 00:00:00
20020917X01915,Accident,DEN82DA021,1982-01-20,"BONDURANT, WY",United States,,,Unknown,Unknown,Non-Fatal,Substantial,Helicopter,N7402F,Hughes,269C,No,1.0,Reciprocating,Part 91: General Aviation,,Unknown,,0.0,0.0,0.0,2.0,VMC,Landing,Probable Cause,1983-01-20 00:00:00
20020917X02619,Accident,SEA82FA032,1982-01-21,"BOISE, ID",United States,,,Unknown,Unknown,Fatal(4),Destroyed,Airplane,N4947K,Cessna,P210N,No,1.0,Reciprocating,Part 91: General Aviation,,Personal,,4.0,0.0,0.0,0.0,IMC,Cruise,Probable Cause,1983-01-21 00:00:00
20020917X02467,Accident,MKC82FA019,1982-01-21,"NORTH KANSAS CI, MO",United States,,,Unknown,Unknown,Fatal(1),Destroyed,Airplane,N4553Q,Cessna,402A,No,2.0,Reciprocating,Part 135: Air Taxi & Commuter,NSCH,Unknown,"Springdale Air Service, Inc.",1.0,0.0,0.0,0.0,IMC,Approach,Probable Cause,1983-01-21 00:00:00
20020917X02399,Accident,MIA82FA037,1982-01-21,"15NM W. OPA LOC, FL",United States,,,X64,OPA LOCKA WEST,Non-Fatal,Destroyed,Airplane,N211TA,Douglas,DC-3,No,2.0,Reciprocating,Part 91: General Aviation,,Unknown,,0.0,0.0,2.0,0.0,VMC,Takeoff,Probable Cause,1983-01-21 00:00:00
20020917X02295,Accident,LAX82FUJ25,1982-01-21,"BAGDAD, AZ",United States,,,E51,BAGDAD,Non-Fatal,Destroyed,Airplane,N40291,Piper,PA-23-250,No,2.0,Reciprocating,Part 91: General Aviation,,Executive/corporate,,0.0,1.0,2.0,0.0,IMC,Maneuvering,Probable Cause,1983-01-21 00:00:00
20020917X02260,Accident,LAX82FA050,1982-01-21,"10NM N. OF MCNA, AZ",United States,,,Unknown,Unknown,Fatal(1),Destroyed,Airplane,N41664,Piper,PA-28-235,No,1.0,Reciprocating,Part 91: General Aviation,,Personal,,1.0,0.0,0.0,0.0,IMC,Cruise,Probable Cause,1983-01-21 00:00:00
20020917X01762,Accident,ATL82FLT02,1982-01-21,"NEW ALBANY, MS",United States,,,Unknown,NEW ALBANY,Fatal(1),Destroyed,Airplane,N6142L,Grumman,AA-1,Yes,1.0,Reciprocating,Part 91: General Aviation,,Personal,,1.0,0.0,0.0,0.0,IMC,Takeoff,Probable Cause,1983-01-21 00:00:00
20020917X01749,Accident,ATL82FKJ11,1982-01-21,"MUSCLE SHOALS, AL",United States,,,MSL,MUSCLE SHOALS,Non-Fatal,Destroyed,Airplane,N31937,Piper,PA-32,No,1.0,Reciprocating,Part 91: General Aviation,,Personal,,0.0,1.0,3.0,0.0,VMC,Approach,Probable Cause,1983-01-21 00:00:00
20020917X01626,Accident,ANC82DA016,1982-01-21,"PORT GRAHAM, AK",United States,,,KEB,ENGLISH BAY,Non-Fatal,Destroyed,Airplane,N1729U,Cessna,207,No,1.0,Reciprocating,Part 135: Air Taxi & Commuter,NSCH,Unknown,Cook Inlet Aviation,0.0,0.0,1.0,0.0,VMC,Landing,Probable Cause,1983-01-21 00:00:00
20020917X01782,Accident,CHI82DA029,1982-01-21,"SHELL LAKE, WI",United States,,,39D,SHELL LAKE,Non-Fatal,Substantial,Airplane,N6029Q,Mooney,M-20,Yes,1.0,Reciprocating,Part 91: General Aviation,,Personal,,0.0,0.0,0.0,4.0,VMC,Takeoff,Probable Cause,1983-01-21 00:00:00
20020917X02161,Accident,LAX82DA046,1982-01-21,"DOS PALOS, CA",United States,,,Q38,SPAIN-AIR AIRPORT,Non-Fatal,Substantial,Airplane,N8793S,Air Tractor,301,No,1.0,Reciprocating,Part 137: Agricultural,UNK,Unknown,,0.0,0.0,0.0,1.0,VMC,Takeoff,Probable Cause,1983-01-21 00:00:00
20020917X02307,Accident,LAX82FUQ09,1982-01-22,"LANCASTER, CA",United States,,,Unknown,Unknown,Fatal(2),Destroyed,Airplane,N13JL,Sons Mustang,II,Yes,1.0,Reciprocating,Part 91: General Aviation,,Unknown,,2.0,0.0,0.0,0.0,VMC,Unknown,Probable Cause,1983-01-22 00:00:00
20020917X01767,Incident,ATL82IA041,1982-01-22,"LOUISVILLE, KY",United States,,,SDF,STANDIFORD FIELD,Incident,,Airplane,N18FE,Dassault/sud,FALCON 20,No,2.0,Turbo Fan,Part 121: Air Carrier,SCHD,Unknown,Federal Express Corporation,0.0,0.0,0.0,2.0,VMC,Descent,Probable Cause,1983-01-22 00:00:00
20020917X02171,Accident,LAX82DA060,1982-01-22,"CARSON CITY, NV",United States,,,004,CARSON CITY,Non-Fatal,Substantial,Airplane,N13083,Cessna,172M,No,1.0,Reciprocating,Part 91: General Aviation,,Personal,,0.0,0.0,0.0,2.0,VMC,Landing,Probable Cause,1983-01-22 00:00:00
20020917X02578,Accident,SEA82DA020,1982-01-22,"NEAR KINGSTON, ID",United States,,,Unknown,Unknown,Non-Fatal,Substantial,Helicopter,N97AR,Sikorsky,S-58J,No,1.0,Reciprocating,Part 133: Rotorcraft Ext. Load,UNK,Unknown,,0.0,0.0,0.0,2.0,VMC,Maneuvering,Probable Cause,1983-01-22 00:00:00
20020917X02622,Accident,SEA82FYK07,1982-01-23,"LAPINE, OR",United States,,,Unknown,Unknown,Fatal(1),Destroyed,Airplane,N8172B,Cessna,172,No,1.0,Reciprocating,Part 91: General Aviation,,Personal,,1.0,1.0,0.0,0.0,IMC,Approach,Probable Cause,1983-01-23 00:00:00
20020917X02259,Accident,LAX82FA049A,1982-01-23,"VICTORVILLE, CA",United States,,,Unknown,Unknown,Fatal(2),Destroyed,Airplane,N7860V,Mooney,M20C,No,1.0,Reciprocating,Part 91: General Aviation,,Personal,,2.0,0.0,4.0,0.0,VMC,Unknown,Probable Cause,1983-01-23 00:00:00
20020917X02000,Accident,FTW82DA047,1982-01-23,"HOBBS, NM",United States,,,Unknown,Unknown,Non-Fatal,Destroyed,Airplane,N8584,Grumman,G-164A,No,1.0,Reciprocating,Part 137: Agricultural,UNK,Aerial Application,,0.0,0.0,0.0,1.0,VMC,Takeoff,Probable Cause,1983-01-23 00:00:00
20020917X01909,Accident,DCA82AA013,1982-01-23,"BOSTON, MA",United States,,,Unknown,BOSTON-LOGAN INTER'L,Fatal(2),Destroyed,Airplane,N113WA,Mcdonnell Douglas,DC-10-30,No,3.0,Turbo Fan,Part 121: Air Carrier,SCHD,Unknown,"World Airways, Inc.",2.0,4.0,24.0,182.0,IMC,Landing,Probable Cause,1983-01-23 00:00:00
20020917X01883,Accident,CHI82FA032,1982-01-23,"LONDON, OH",United States,,,Unknown,Unknown,Fatal(1),Destroyed,Airplane,N6940Q,Beech,A23A,No,1.0,Reciprocating,Part 91: General Aviation,,Personal,,1.0,0.0,0.0,0.0,IMC,Cruise,Probable Cause,1983-01-23 00:00:00
20020917X02426,Accident,MKC82DA020,1982-01-23,"TOPEKA, KS",United States,,,TOP,PHILLIP BILLARD,Non-Fatal,Substantial,Airplane,N2872D,Piper,PA-32-300,No,1.0,Reciprocating,Part 91: General Aviation,,Personal,,0.0,0.0,0.0,1.0,VMC,Landing,Probable Cause,1983-01-23 00:00:00
20020917X02400,Accident,MIA82FA038B,1982-01-23,"NEWPORT RICHEY, FL",United States,,,Unknown,Unknown,Non-Fatal,Substantial,Airplane,N45453,Cessna,150M,No,1.0,Reciprocating,Part 91: General Aviation,,Personal,,0.0,0.0,0.0,3.0,VMC,Cruise,Probable Cause,1983-01-23 00:00:00
20020917X02400,Accident,MIA82FA038A,1982-01-23,"NEWPORT RICHEY, FL",United States,,,Unknown,Unknown,Non-Fatal,Substantial,Airplane,N32555,Piper,PA-34-200T,No,2.0,Reciprocating,Part 91: General Aviation,,Personal,,0.0,0.0,0.0,3.0,VMC,Approach,Probable Cause,1983-01-23 00:00:00
20020917X02259,Accident,LAX82FA049B,1982-01-23,"VICTORVILLE, CA",United States,,,Unknown,Unknown,Fatal(2),Substantial,Airplane,N32380,Piper,PA-28-235,No,1.0,Reciprocating,Part 91: General Aviation,,Personal,,2.0,0.0,4.0,0.0,VMC,Cruise,Probable Cause,1983-01-23 00:00:00
20020917X02113,Accident,FTW82FPD08,1982-01-23,"SAGINAW, TX",United States,,,O4TX,OLIVER FARMS,Non-Fatal,Substantial,Airplane,N7219S,Cessna,150H,No,1.0,Reciprocating,Part 91: General Aviation,,Personal,,0.0,1.0,0.0,0.0,VMC,Landing,Probable Cause,1983-01-23 00:00:00
20020917X01916,Accident,DEN82DA022,1982-01-23,"36 SW LARAMIE, WY",United States,,,Unknown,Unknown,Non-Fatal,Substantial,Helicopter,N1085T,Bell/textron,206 L-1,No,1.0,Turbo Shaft,Part 91: General Aviation,,Personal,,0.0,0.0,0.0,2.0,VMC,Landing,Probable Cause,1983-01-23 00:00:00
20020917X02162,Accident,LAX82DA051,1982-01-23,"WATSONVILLE, CA",United States,,,Unknown,Unknown,Non-Fatal,Substantial,Helicopter,N10194,Bell,47G-2,No,1.0,Reciprocating,Part 137: Agricultural,UNK,Unknown,,0.0,0.0,0.0,1.0,VMC,Maneuvering,Probable Cause,1983-01-23 00:00:00
20020917X02002,Accident,FTW82DA049,1982-01-23,"HOUSTON, TX",United States,,,T17,WEISER,Non-Fatal,Substantial,Airplane,N2536K,Piper,PA-38-112,No,1.0,Reciprocating,Part 91: General Aviation,,Unknown,,0.0,0.0,1.0,1.0,VMC,Go-around,Probable Cause,1983-01-23 00:00:00
20020917X01990,Accident,FTW82AA046,1982-01-24,"LAREDO, TX",United States,,,LRD,LAREDO INTERNATIONAL,Fatal(7),Destroyed,Airplane,N4244Z,Robertson,C-402B,No,2.0,Reciprocating,Part 91: General Aviation,,Personal,,7.0,0.0,0.0,0.0,VMC,Approach,Probable Cause,1983-01-24 00:00:00
20020917X02563,Accident,NYC82FNA10,1982-01-24,"TAUNTON, MA",United States,,,TAN,Unknown,Non-Fatal,Substantial,Airplane,N80420,Cessna,172,No,1.0,Reciprocating,Part 91: General Aviation,,Personal,,0.0,0.0,2.0,0.0,UNK,Approach,Probable Cause,1983-01-24 00:00:00
20020917X02163,Accident,LAX82DA052,1982-01-24,"FLAGSTAFF, AZ",United States,,,FLG,PULLIAM FIELD,Non-Fatal,Substantial,Airplane,N13533,Cessna,172,No,1.0,Reciprocating,Part 91: General Aviation,,Personal,,0.0,0.0,0.0,4.0,VMC,Landing,Probable Cause,1983-01-24 00:00:00
20020917X01895,Accident,CHI82FEE12,1982-01-24,"WHEELING, IL",United States,,,Unknown,PAL WAUKEE,Non-Fatal,Substantial,Airplane,N6492V,Cessna,172RG,No,1.0,Reciprocating,Part 91: General Aviation,,Personal,,0.0,0.0,0.0,2.0,VMC,Standing,Probable Cause,1983-01-24 00:00:00
20020917X01661,Accident,ATL82DA040,1982-01-24,"ATHENS, GA",United States,,,AHN,ATHENS MUNICIPAL,Non-Fatal,Substantial,Airplane,N34975,Cessna,177,No,1.0,Reciprocating,Part 91: General Aviation,,Business,,0.0,0.0,0.0,1.0,VMC,Descent,Probable Cause,1983-01-24 00:00:00
20020917X01646,Accident,ANC82DAG16,1982-01-25,"BETHEL, AK",United States,,,Unknown,Unknown,Fatal(2),Destroyed,Airplane,N71734,Cessna,182M,No,1.0,Reciprocating,Part 91: General Aviation,,Personal,,2.0,0.0,0.0,0.0,UNK,Cruise,Probable Cause,1983-01-25 00:00:00
20020917X01652,Accident,ANC82FA017,1982-01-25,"ANCHORAGE, AK",United States,,,Z38,SKY HARBOR/O'MALLEY,Non-Fatal,Substantial,Airplane,N4825B,Cessna,152II,No,1.0,Reciprocating,Part 91: General Aviation,,Instructional,,0.0,0.0,1.0,0.0,VMC,Descent,Probable Cause,1983-01-25 00:00:00
20020917X02123,Accident,FTW82FPM09,1982-01-26,"MUSKOGEE, OK",United States,,,Unknown,Unknown,Non-Fatal,Destroyed,Airplane,N9413G,Cessna,A188B,No,1.0,Reciprocating,Part 137: Agricultural,UNK,Aerial Application,,0.0,1.0,0.0,0.0,VMC,Maneuvering,Probable Cause,1983-01-26 00:00:00
20020917X02485,Accident,NYC82DA020,1982-01-26,"SUSSEX, NJ",United States,,,Unknown,SUSSEX,Non-Fatal,Substantial,Airplane,N5989W,Piper,PA-28-140,No,1.0,Reciprocating,Part 91: General Aviation,,Personal,,0.0,0.0,0.0,2.0,VMC,Landing,Probable Cause,1983-01-26 00:00:00
20020917X02430,Accident,MKC82DA025,1982-01-26,"LEE'S SUMMIT, MO",United States,,,K84,MCCOMAS-LEES SUMMIT,Non-Fatal,Substantial,Airplane,N9259H,Cessna,172N,No,1.0,Reciprocating,Part 91: General Aviation,,Instructional,,0.0,0.0,0.0,3.0,VMC,Taxi,Probable Cause,1983-01-26 00:00:00
20020917X02427,Accident,MKC82DA021,1982-01-26,"ESSEX, MO",United States,,,Unknown,Unknown,Non-Fatal,Substantial,Airplane,N89772,Cessna,152,No,1.0,Reciprocating,Part 91: General Aviation,,Instructional,,0.0,0.0,0.0,1.0,VMC,Landing,Probable Cause,1983-01-26 00:00:00
20020917X01917,Accident,DEN82DA023,1982-01-26,"HAVRE, MT",United States,,,Unknown,Unknown,Non-Fatal,Substantial,Airplane,N88202,Bellanca,7GCBC,No,1.0,Reciprocating,Part 91: General Aviation,,Business,,0.0,0.0,0.0,1.0,VMC,Takeoff,Probable Cause,1983-01-26 00:00:00
20020917X01918,Accident,DEN82DA024,1982-01-26,"10MI. NW WALSEN, CO",United States,,,Unknown,Unknown,Non-Fatal,Substantial,Helicopter,N58214,Hughes,369D,No,1.0,Turbo Shaft,Part 135: Air Taxi & Commuter,NSCH,Unknown,Russell Lyon,0.0,0.0,2.0,2.0,VMC,Cruise,Probable Cause,1983-01-26 00:00:00
20020917X02261,Accident,LAX82FA061,1982-01-27,"LAGUNITAS, CA",United States,,,Unknown,Unknown,Fatal(1),Destroyed,Helicopter,N96142,Bell,UH1B,Yes,1.0,Turbo Shaft,Part 133: Rotorcraft Ext. Load,UNK,Unknown,,1.0,0.0,0.0,0.0,VMC,Maneuvering,Probable Cause,1983-01-27 00:00:00
20020917X02491,Accident,NYC82DA027,1982-01-27,"ANSONIA, CT",United States,,,Unknown,ANSONIA,Non-Fatal,Substantial,Airplane,N4918H,Cessna,152,No,1.0,Reciprocating,Part 91: General Aviation,,Instructional,,0.0,0.0,0.0,2.0,VMC,Landing,Probable Cause,1983-01-27 00:00:00
20020917X02164,Accident,LAX82DA053,1982-01-27,"LODI, CA",United States,,,O20,KINGDON AIRPARK,Non-Fatal,Substantial,Airplane,N64951,Cessna,152,No,1.0,Reciprocating,Part 91: General Aviation,,Instructional,,0.0,0.0,0.0,1.0,VMC,Landing,Probable Cause,1983-01-27 00:00:00
20020917X01925,Accident,DEN82DA031,1982-01-27,"BROOMFIELD, CO",United States,,,BJC,JEFFERSON COUNTY,Non-Fatal,Substantial,Airplane,N5745T,Cessna,172N,No,1.0,Reciprocating,Part 91: General Aviation,,Instructional,,0.0,0.0,0.0,1.0,VMC,Taxi,Probable Cause,1983-01-27 00:00:00
20020917X01783,Accident,CHI82DA031,1982-01-27,"HOFFMAN, MN",United States,,,Unknown,PRIVATE STRIP,Non-Fatal,Substantial,Airplane,N3174C,Aeronca,7BCM,No,1.0,Reciprocating,Part 91: General Aviation,,Instructional,,0.0,0.0,0.0,1.0,VMC,Landing,Probable Cause,1983-01-27 00:00:00
20020917X01742,Accident,ATL82FID05,1982-01-27,"CHARLOTTESVILLE, VA",United States,,,CHO,ALBEMARLE,Non-Fatal,Substantial,Airplane,N2466B,Piper,PA-38-112,No,1.0,Reciprocating,Part 91: General Aviation,,Personal,,0.0,0.0,0.0,2.0,VMC,Approach,Probable Cause,1983-01-27 00:00:00
20020917X02325,Accident,LAX82FVM09,1982-01-28,"LOS GATOS, CA",United States,,,Unknown,Unknown,Fatal(1),Destroyed,Airplane,N32678,Piper,28-151,No,1.0,Reciprocating,Part 135: Air Taxi & Commuter,SCHD,Unknown,James Williams,1.0,0.0,0.0,0.0,IMC,Cruise,Probable Cause,1983-01-28 00:00:00
20020917X02579,Accident,SEA82DA021,1982-01-28,"SUNRIVER, OR",United States,,,OR35,SUNRIVER,Non-Fatal,Substantial,Airplane,N4604N,Cessna,340A,No,2.0,Reciprocating,Part 91: General Aviation,,Instructional,,0.0,0.0,0.0,2.0,VMC,Takeoff,Probable Cause,1983-01-28 00:00:00
20020917X02428,Accident,MKC82DA022,1982-01-28,"WENTZVILLE, MO",United States,,,Unknown,WENTZVILLE,Non-Fatal,Substantial,Airplane,N5333T,Cessna,172H,No,1.0,Reciprocating,Part 91: General Aviation,,Personal,,0.0,0.0,0.0,1.0,VMC,Approach,Probable Cause,1983-01-28 00:00:00
20020917X02165,Accident,LAX82DA054,1982-01-28,"FOWLER, CA",United States,,,11CA,TURNER FIELD,Non-Fatal,Substantial,Airplane,N6594U,Mooney,M20C,Yes,1.0,Reciprocating,Part 91: General Aviation,,Business,,0.0,0.0,0.0,1.0,VMC,Landing,Probable Cause,1983-01-28 00:00:00
20020917X02001,Accident,FTW82DA048,1982-01-28,"S. OF MORGAN CI, LA",United States,,,Unknown,Unknown,Non-Fatal,Substantial,Airplane,N6265E,Cessna,A185F,No,1.0,Reciprocating,Part 91: General Aviation,,Business,,0.0,0.0,0.0,2.0,VMC,Takeoff,Probable Cause,1983-01-28 00:00:00
20020917X01662,Accident,ATL82DA043,1982-01-28,"LOUISVILLE, KY",United States,,,LOU,Unknown,Non-Fatal,Substantial,Airplane,N3654W,Piper,PA-32-260,No,1.0,Reciprocating,Part 91: General Aviation,,Business,,0.0,0.0,0.0,2.0,VMC,Approach,Probable Cause,1983-01-28 00:00:00
20020917X02468,Accident,MKC82FA023,1982-01-29,"5M E. GREENSBUR, KS",United States,,,Unknown,Unknown,Fatal(1),Destroyed,Airplane,N1589E,Cessna,172N,No,1.0,Reciprocating,Part 91: General Aviation,,Personal,,1.0,0.0,0.0,0.0,IMC,Cruise,Probable Cause,1983-01-29 00:00:00
20020917X01768,Incident,ATL82IA042,1982-01-29,"ATLANTA, GA",United States,,,Unknown,Unknown,Incident,,Airplane,N1851S,Beech,B200,No,2.0,Turbo Prop,Part 91: General Aviation,,Executive/corporate,,0.0,0.0,0.0,2.0,VMC,Cruise,Probable Cause,1983-01-29 00:00:00
20020917X01758,Accident,ATL82FLG10,1982-01-29,"DARLINGTON, SC",United States,,,Unknown,Unknown,Fatal(1),Destroyed,Airplane,N1434Q,Cessna,150,No,1.0,Reciprocating,Part 91: General Aviation,,Personal,,1.0,0.0,0.0,0.0,VMC,Maneuvering,Probable Cause,1983-01-29 00:00:00
20020917X01919,Accident,DEN82DA025,1982-01-29,"NEAR GILLETE, WY",United States,,,Unknown,Unknown,Non-Fatal,Substantial,Airplane,N758RD,Cessna,172,No,1.0,Reciprocating,Part 91: General Aviation,,Unknown,,0.0,0.0,0.0,2.0,VMC,Maneuvering,Probable Cause,1983-01-29 00:00:00
20020917X02335,Incident,LAX82IA062,1982-01-30,"TRUCKEE, CA",United States,,,TRK,TRUCKEE TAHOE,Incident,Minor,Airplane,N9674C,Piper,PA-28R-201T,No,1.0,Reciprocating,Part 91: General Aviation,,Personal,,0.0,0.0,0.0,1.0,VMC,Landing,Probable Cause,1983-01-30 00:00:00
20020917X02166,Accident,LAX82DA055,1982-01-30,"AVALON, CA",United States,,,AVX,SANTA CATALINA,Non-Fatal,Destroyed,Airplane,N4510H,Mooney,M20J,No,1.0,Reciprocating,Part 91: General Aviation,,Personal,,0.0,0.0,0.0,4.0,VMC,Climb,Probable Cause,1983-01-30 00:00:00
20020917X02313,Accident,LAX82FVA11,1982-01-30,"OAKDALE, CA",United States,,,027,OAKDALE,Fatal(1),Substantial,Airplane,N5173R,Cessna,TR182,No,1.0,Reciprocating,Part 91: General Aviation,,Personal,,1.0,0.0,0.0,0.0,VMC,Takeoff,Probable Cause,1983-01-30 00:00:00
20020917X02248,Accident,LAX82DVG15,1982-01-30,"REDDING, CA",United States,,,O85,BENTON AIRPORT,Non-Fatal,Substantial,Airplane,N1669E,Aeronca,7AC,No,1.0,Reciprocating,Part 91: General Aviation,,Personal,,0.0,0.0,0.0,1.0,VMC,Taxi,Probable Cause,1983-01-30 00:00:00
20020917X02168,Accident,LAX82DA057,1982-01-30,"ELKO, NV",United States,,,Unknown,Unknown,Non-Fatal,Substantial,Airplane,N35289,Cessna,177B,No,1.0,Reciprocating,Part 91: General Aviation,,Personal,,0.0,0.0,0.0,2.0,VMC,Cruise,Probable Cause,1983-01-30 00:00:00
20020917X02167,Accident,LAX82DA056,1982-01-30,"BIG BEAR, CA",United States,,,L35,BIG BEAR CITY,Non-Fatal,Substantial,Airplane,N54288,Cessna,172,No,1.0,Reciprocating,Part 91: General Aviation,,Personal,,0.0,0.0,0.0,3.0,VMC,Landing,Probable Cause,1983-01-30 00:00:00
20020917X02003,Accident,FTW82DA050,1982-01-30,"BALD KNOB, AR",United States,,,M74,BALD KNOB,Non-Fatal,Substantial,Airplane,N3041N,Cessna,140,No,1.0,Reciprocating,Part 91: General Aviation,,Instructional,,0.0,0.0,0.0,2.0,VMC,Takeoff,Probable Cause,1983-01-30 00:00:00
20020917X01920,Accident,DEN82DA026,1982-01-30,"BRYCE CANYON, UT",United States,,,Unknown,BRYCE CANYON,Non-Fatal,Substantial,Airplane,N5447E,Cessna,172,No,1.0,Reciprocating,Part 91: General Aviation,,Personal,,0.0,0.0,0.0,1.0,VMC,Landing,Probable Cause,1983-01-30 00:00:00
20020917X01664,Accident,ATL82DA045,1982-01-30,"CONYERS, GA",United States,,,10,WHISPERING PINES,Non-Fatal,Substantial,Airplane,N42042,Cessna,182L,No,1.0,Reciprocating,Part 91: General Aviation,,Personal,,0.0,0.0,0.0,2.0,VMC,Landing,Probable Cause,1983-01-30 00:00:00
20020917X01663,Accident,ATL82DA044,1982-01-30,"CUMBERLAND ISLA, GA",United States,,,Unknown,CANDLER HIGHPOINT,Non-Fatal,Substantial,Airplane,N734YY,Cessna,172N,No,1.0,Reciprocating,Part 91: General Aviation,,Personal,,0.0,0.0,0.0,3.0,VMC,Landing,Probable Cause,1983-01-30 00:00:00
20020917X02580,Accident,SEA82DA023,1982-01-30,"SINCLAIR ISLAND, WA",United States,,,10,SINCLAIR ISLAND,Non-Fatal,Substantial,Airplane,N53294,Cessna,172P,No,1.0,Reciprocating,Part 135: Air Taxi & Commuter,NSCH,Unknown,"West Isle Air, Inc.",0.0,0.0,0.0,3.0,IMC,Landing,Probable Cause,1983-01-30 00:00:00
20020917X02547,Accident,NYC82FFA03,1982-01-31,"LAKE PLACID, NY",United States,,,LKP,LAKE PLACID,Non-Fatal,Substantial,Airplane,N6758B,Piper,PA-22,No,1.0,Reciprocating,Part 91: General Aviation,,Personal,,0.0,0.0,1.0,1.0,VMC,Takeoff,Probable Cause,1983-01-31 00:00:00
20020917X02482,Accident,NYC82DA017,1982-01-31,"CALDWELL, NJ",United States,,,CDW,ESSEX COUNTY AIRPORT,Non-Fatal,Substantial,Airplane,N17065,Cessna,150L,No,1.0,Reciprocating,Part 91: General Aviation,,Instructional,,0.0,0.0,0.0,2.0,VMC,Approach,Probable Cause,1983-01-31 00:00:00
20020917X02429,Accident,MKC82DA024,1982-01-31,"MALDEN, MO",United States,,,Unknown,MALDEN MUNI,Non-Fatal,Substantial,Airplane,N5005M,Beech,36,No,1.0,Reciprocating,Part 91: General Aviation,,Business,,0.0,1.0,0.0,1.0,IMC,Cruise,Probable Cause,1983-01-31 00:00:00
20020917X02344,Accident,MIA82DA040,1982-01-31,"NEW PORT RICHEY, FL",United States,,,X41,WEST PASCO,Non-Fatal,Substantial,Airplane,N5406M,Cessna,152,No,1.0,Reciprocating,Part 91: General Aviation,,Personal,,0.0,0.0,1.0,0.0,VMC,Landing,Probable Cause,1983-01-31 00:00:00
20020917X02343,Accident,MIA82DA039,1982-01-31,"DELAND, FL",United States,,,DED,DELAND MUNICIPAL,Non-Fatal,Substantial,Airplane,N21481,Piper,PA-28-161,No,1.0,Reciprocating,Part 91: General Aviation,,Instructional,,0.0,0.0,0.0,2.0,VMC,Approach,Probable Cause,1983-01-31 00:00:00
20020917X02169,Accident,LAX82DA058,1982-01-31,"EL CAJON, CA",United States,,,Unknown,GRASS STRIP,Non-Fatal,Substantial,Airplane,N2596K,Cessna,180K,No,1.0,Reciprocating,Part 91: General Aviation,,Personal,,0.0,0.0,0.0,3.0,VMC,Landing,Probable Cause,1983-01-31 00:00:00
20020917X02005,Accident,FTW82DA052,1982-01-31,"ALBUQUERQUE, NM",United States,,,Unknown,ALBUQUERQUE INTL.,Non-Fatal,Substantial,Airplane,N89963,Cessna,152,No,1.0,Reciprocating,Part 91: General Aviation,,Instructional,,0.0,0.0,0.0,2.0,VMC,Takeoff,Probable Cause,1983-01-31 00:00:00
20020917X02004,Accident,FTW82DA051,1982-01-31,"MCKINNEY, TX",United States,,,TKI,MCKINNEY,Non-Fatal,Substantial,Airplane,N6409M,Cessna,152,No,1.0,Reciprocating,Part 91: General Aviation,,Instructional,,0.0,0.0,0.0,1.0,VMC,Landing,Probable Cause,1983-01-31 00:00:00
20020917X01921,Accident,DEN82DA027,1982-01-31,"TRINIDAD, CO",United States,,,TAD,LAS ANIMAS COUNTY,Non-Fatal,Substantial,Airplane,N3921P,Piper,PA-22,No,1.0,Reciprocating,Part 91: General Aviation,,Personal,,0.0,0.0,0.0,2.0,VMC,Takeoff,Probable Cause,1983-01-31 00:00:00
20020917X02480,Accident,NYC82AA028,1982-02-01,"GROTON, CT",United States,,,GON,GROTON-NEW LONDON,Non-Fatal,Destroyed,Airplane,N451C,Beech,99,No,2.0,Turbo Prop,Part 135: Air Taxi & Commuter,SCHD,Unknown,Pilgrim Airlines,0.0,5.0,2.0,0.0,IMC,Approach,Probable Cause,1983-02-01 00:00:00
20020917X02413,Accident,MIA82FLD13,1982-02-01,"CRYSTAL RIVER, FL",United States,,,X31,CRYSTAL RIVER,Non-Fatal,Destroyed,Airplane,N5111D,Cessna,172,No,1.0,Reciprocating,Part 91: General Aviation,,Unknown,,0.0,1.0,1.0,0.0,VMC,Takeoff,Probable Cause,1983-02-01 00:00:00
20020917X02135,Accident,FTW82FRA15,1982-02-01,"HITCHCOCK, TX",United States,,,Unknown,HELIPAD,Non-Fatal,Destroyed,Helicopter,N213EH,Aerospatiale,SA-360C,No,1.0,Turbo Shaft,Part 91: General Aviation,,Ferry,,0.0,1.0,0.0,0.0,VMC,Cruise,Probable Cause,1983-02-01 00:00:00
20020917X02131,Accident,FTW82FQG14,1982-02-01,"PAMPA, TX",United States,,,Unknown,Unknown,Fatal(2),Destroyed,Airplane,N58947,Cessna,182,No,1.0,Reciprocating,Part 91: General Aviation,,Personal,,2.0,0.0,0.0,0.0,IMC,Maneuvering,Probable Cause,1983-02-01 00:00:00
20020917X02315,Accident,LAX82FVD09,1982-02-01,"SONOMA, CA",United States,,,SVA,SONOMA VALLEY,Non-Fatal,Substantial,Airplane,N5067C,Bellanca,7ECA,No,1.0,Reciprocating,Part 91: General Aviation,,Instructional,,0.0,0.0,0.0,1.0,VMC,Takeoff,Probable Cause,1983-02-01 00:00:00
20020917X02170,Accident,LAX82DA059,1982-02-01,"LAS VEGAS, NV",United States,,,VGT,N. LAS VEGAS AIR TERMINAL,Non-Fatal,Substantial,Airplane,N5481S,Cessna,TR182,No,1.0,Reciprocating,Part 91: General Aviation,,Personal,,0.0,0.0,0.0,2.0,VMC,Landing,Probable Cause,1983-02-01 00:00:00
20020917X02006,Accident,FTW82DA053,1982-02-01,"LAS CRUCES, NM",United States,,,LCR,CRAWFORD,Non-Fatal,Substantial,Airplane,N2575X,Cessna,P206,No,1.0,Reciprocating,Part 91: General Aviation,,Personal,,0.0,0.0,0.0,3.0,VMC,Landing,Probable Cause,1983-02-01 00:00:00
20020917X01784,Accident,CHI82DA033,1982-02-01,"ANDERSON, IN",United States,,,AID,ANDERSON MUNICIPAL,Non-Fatal,Substantial,Airplane,N5400G,Grumman,1159,No,2.0,Turbo Jet,Part 91: General Aviation,,Executive/corporate,,0.0,0.0,0.0,4.0,VMC,Landing,Probable Cause,1983-02-01 00:00:00
20020917X01922,Accident,DEN82DA028,1982-02-01,"ROCK SPRINGS, WY",United States,,,Unknown,Unknown,Non-Fatal,Substantial,Airplane,N8178F,Piper,PA-32,No,1.0,Reciprocating,Part 135: Air Taxi & Commuter,NSCH,Unknown,Alpine Aviation,0.0,1.0,0.0,0.0,IMC,Cruise,Probable Cause,1983-02-01 00:00:00
20020917X02539,Accident,NYC82FA029,1982-02-02,"NEWBURGH, NY",United States,,,SWF,STEWART,Fatal(1),Destroyed,Airplane,N62481,Piper,PA-23-250,No,2.0,Reciprocating,Part 135: Air Taxi & Commuter,NSCH,Unknown,"Air Ventures, Inc.",1.0,0.0,0.0,0.0,IMC,Approach,Probable Cause,1983-02-02 00:00:00
20020917X02139,Accident,FTW82FRD08,1982-02-02,"JEANERETTE, LA",United States,,,Unknown,Unknown,Fatal(2),Destroyed,Airplane,N3166J,Cessna,150G,No,1.0,Reciprocating,Part 91: General Aviation,,Personal,,2.0,0.0,0.0,0.0,VMC,Unknown,Probable Cause,1983-02-02 00:00:00
20020917X02581,Accident,SEA82DA024,1982-02-02,"MOSES LAKE, WA",United States,,,Unknown,PRIVATE STRIP,Non-Fatal,Substantial,Airplane,N756GF,Cessna,U206G,No,1.0,Reciprocating,Part 91: General Aviation,,Business,,0.0,0.0,0.0,1.0,VMC,Landing,Probable Cause,1983-02-02 00:00:00
20020917X02007,Accident,FTW82DA054,1982-02-02,"DRYDEN, TX",United States,,,6R6,TERRELL COUNTY,Non-Fatal,Substantial,Airplane,N6618N,Cessna,T210N,No,1.0,Reciprocating,Part 91: General Aviation,,Business,,0.0,0.0,0.0,1.0,VMC,Landing,Probable Cause,1983-02-02 00:00:00
20020917X01963,Accident,DEN82DTM10,1982-02-02,"WEST JORDAN, UT",United States,,,U42,SALT LAKE #2,Non-Fatal,Substantial,Airplane,N12BK,Smith Miniplane,BK-1,Yes,1.0,Reciprocating,Part 91: General Aviation,,Personal,,0.0,0.0,0.0,1.0,VMC,Landing,Probable Cause,1983-02-02 00:00:00
20020917X02297,Accident,LAX82FUJ27,1982-02-03,"PARADISE VALLEY, AZ",United States,,,Unknown,SKY HARBOR INTL ARPT,Fatal(1),Destroyed,Airplane,N11578,Mooney,M20J,No,1.0,Reciprocating,Part 91: General Aviation,,Personal,,1.0,0.0,0.0,0.0,VMC,Climb,Probable Cause,1983-02-03 00:00:00
20020917X01923,Accident,DEN82DA029,1982-02-03,"HAYDEN, CO",United States,,,HDN,YAMPA VALLEY,Non-Fatal,Destroyed,Airplane,N149JA,Mitsubishi,MU2B-40,No,2.0,Turbo Prop,Part 91: General Aviation,,Business,,0.0,0.0,6.0,0.0,IMC,Landing,Probable Cause,1983-02-03 00:00:00
20020917X01910,Accident,DCA82AA014,1982-02-03,"PHILADELPHIA, PA",United States,,,PHL,PHILADELPHIA INTL,Non-Fatal,Minor,Airplane,N1814U,Mcdonnell-douglas,DC-10-10,No,3.0,Turbo Fan,Part 121: Air Carrier,SCHD,Unknown,United Airlines Inc.,0.0,1.0,0.0,154.0,IMC,Takeoff,Probable Cause,1983-02-03 00:00:00
20020917X02582,Accident,SEA82DA025,1982-02-03,"NR. COLBERT, WA",United States,,,Unknown,Unknown,Non-Fatal,Substantial,Airplane,N5527G,Cessna,150J,No,1.0,Reciprocating,Part 91: General Aviation,,Instructional,,0.0,0.0,0.0,2.0,VMC,Maneuvering,Probable Cause,1983-02-03 00:00:00
20020917X02252,Accident,LAX82DVM10,1982-02-03,"MT. HAMILTON, CA",United States,,,Unknown,PRIVATE RANCH,Non-Fatal,Substantial,Airplane,N3579T,Taylorcraft,F19,No,1.0,Reciprocating,Part 91: General Aviation,,Personal,,0.0,0.0,0.0,1.0,VMC,Landing,Probable Cause,1983-02-03 00:00:00
20020917X01785,Accident,CHI82DA034,1982-02-03,"INDIANAPOLIS, IN",United States,,,Unknown,Unknown,Non-Fatal,Substantial,Helicopter,N2777B,Bell,206L-1,No,1.0,Turbo Shaft,Part 91: General Aviation,,Personal,,0.0,0.0,0.0,1.0,VMC,Cruise,Probable Cause,1983-02-03 00:00:00
20020917X02555,Accident,NYC82FHD06,1982-02-03,"TOMS RIVER, NJ",United States,,,N44,ROBERT MILLER,Non-Fatal,Substantial,Airplane,N9759Q,Ted Smith,AEROSTAR 600,No,2.0,Reciprocating,Part 91: General Aviation,,Unknown,,0.0,0.0,0.0,1.0,IMC,Approach,Probable Cause,1983-02-03 00:00:00
20020917X02401,Accident,MIA82FA042,1982-02-04,"ORMAND BEACH, FL",United States,,,Unknown,Unknown,Fatal(2),Destroyed,Helicopter,N90286,Robinson,R-22,No,1.0,Reciprocating,Part 91: General Aviation,,Instructional,,2.0,0.0,0.0,0.0,IMC,Cruise,Probable Cause,1983-02-04 00:00:00
20020917X02583,Accident,SEA82DA026,1982-02-04,"BURNS, OR",United States,,,BNO,BURNS MUNICIPAL,Non-Fatal,Substantial,Airplane,N5193X,Bellanca,7KCAB,No,1.0,Reciprocating,Part 91: General Aviation,,Instructional,,0.0,0.0,0.0,1.0,VMC,Landing,Probable Cause,1983-02-04 00:00:00
20020917X02008,Accident,FTW82DA055,1982-02-04,GULF OF MEXICO,GULF OF MEXICO,,,SS87,SHIP SHOAL 87,Non-Fatal,Substantial,Helicopter,N2623,Bell,206L-1,No,1.0,Turbo Shaft,Part 91: General Aviation,,Executive/corporate,,0.0,0.0,0.0,1.0,VMC,Takeoff,Probable Cause,1983-02-04 00:00:00
20020917X02348,Accident,MIA82DA050,1982-02-05,"120 NM SSE OF M, FL",United States,,,Unknown,Unknown,Fatal(2),Destroyed,Airplane,N1306H,Piper,PA-28,No,1.0,Reciprocating,Part 91: General Aviation,,Personal,,2.0,0.0,0.0,0.0,VMC,Cruise,Probable Cause,1983-02-05 00:00:00
20020917X01724,Accident,ATL82FA047,1982-02-05,"LAMBSBURG, VA",United States,,,Unknown,Unknown,Fatal(4),Destroyed,Airplane,N75225,Piper,PA-32R-300,No,1.0,Reciprocating,Part 135: Air Taxi & Commuter,NSCH,Unknown,Air Security Transport Corpora,4.0,0.0,0.0,0.0,IMC,Cruise,Probable Cause,1983-02-05 00:00:00
20020917X02570,Accident,NYC82FNE03,1982-02-05,"ELLINGTON, CT",United States,,,Unknown,ELLINGTON,Non-Fatal,Substantial,Airplane,N721FL,Piper,PA-28-140,No,1.0,Reciprocating,Part 91: General Aviation,,Instructional,,0.0,1.0,1.0,0.0,VMC,Takeoff,Probable Cause,1983-02-05 00:00:00
20020917X01665,Accident,ATL82DA046,1982-02-05,"LUVERNE, AL",United States,,,04A,FRANK SIKES,Non-Fatal,Substantial,Airplane,N123WL,Cessna,T210L,Yes,1.0,Reciprocating,Part 91: General Aviation,,Personal,,0.0,1.0,0.0,0.0,VMC,Climb,Probable Cause,1983-02-05 00:00:00
20020917X02585,Accident,SEA82DA028A,1982-02-06,"MEDFORD, OR",United States,,,MFR,MEDFORD-JACKSON COUNTY,Non-Fatal,Minor,Airplane,N56270,Boeing,A75N1,No,1.0,Reciprocating,Part 137: Agricultural,UNK,Aerial Application,,0.0,0.0,0.0,3.0,VMC,Taxi,Probable Cause,1983-02-06 00:00:00
20020917X02415,Accident,MIA82FLD15,1982-02-06,"FT. PIERCE, FL",United States,,,Unknown,Unknown,Non-Fatal,Destroyed,Airplane,N747CE,Piper,PA-31,No,2.0,Reciprocating,Part 91: General Aviation,,Unknown,,0.0,2.0,0.0,0.0,IMC,Unknown,Probable Cause,1983-02-06 00:00:00
20020917X02173,Accident,LAX82DA065B,1982-02-06,"SAN JOSE, CA",United States,,,RHV,RIED HILLVIEW,Non-Fatal,Minor,Airplane,N71681,Bellanca,7KCAB,No,1.0,Reciprocating,Part 91: General Aviation,,Personal,,0.0,0.0,0.0,3.0,VMC,Standing,Probable Cause,1983-02-06 00:00:00
20020917X02585,Accident,SEA82DA028B,1982-02-06,"MEDFORD, OR",United States,,,MFR,MEDFORD-JACKSON COUNTY,Non-Fatal,Substantial,Airplane,N95078,Taylorcraft,BC12-D,No,1.0,Reciprocating,Part 91: General Aviation,,Personal,,0.0,0.0,0.0,3.0,VMC,Taxi,Probable Cause,1983-02-06 00:00:00
20020917X02432,Accident,MKC82DA027,1982-02-06,"SPRINGFIELD, MO",United States,,,SGF,SPRINGFIELD MUNICIPAL,Non-Fatal,Substantial,Airplane,N7041C,Piper,PA-28-140,No,1.0,Reciprocating,Part 91: General Aviation,,Instructional,,0.0,0.0,0.0,1.0,VMC,Landing,Probable Cause,1983-02-06 00:00:00
20020917X02190,Accident,LAX82DA098,1982-02-06,"GLENDALE, AZ",United States,,,Unknown,Unknown,Non-Fatal,Substantial,Balloon,N5571N,Raven,S-55A,No,0.0,Unknown,Part 91: General Aviation,,Personal,,0.0,0.0,0.0,2.0,VMC,Landing,Probable Cause,1983-02-06 00:00:00
20020917X02173,Accident,LAX82DA065A,1982-02-06,"SAN JOSE, CA",United States,,,RHV,RIED HILLVIEW,Non-Fatal,Substantial,Airplane,N3343D,Cessna,180,No,1.0,Reciprocating,Part 91: General Aviation,,Personal,,0.0,0.0,0.0,3.0,VMC,Taxi,Probable Cause,1983-02-06 00:00:00
20020917X02172,Accident,LAX82DA064,1982-02-06,"CORONA, CA",United States,,,Unknown,Unknown,Non-Fatal,Substantial,Airplane,N49013,Cessna,152,No,1.0,Reciprocating,Part 91: General Aviation,,Instructional,,0.0,0.0,0.0,2.0,VMC,Takeoff,Probable Cause,1983-02-06 00:00:00
20020917X01790,Accident,CHI82DA039,1982-02-06,"EAST LANSING, MI",United States,,,2D8,DAVIS,Non-Fatal,Substantial,Airplane,N7644F,Piper,PA-28-181,No,1.0,Reciprocating,Part 91: General Aviation,,Personal,,0.0,0.0,0.0,3.0,VMC,Takeoff,Probable Cause,1983-02-06 00:00:00
20020917X01788,Accident,CHI82DA037,1982-02-06,"BROWNSBURG, IN",United States,,,I01,BROWNSBURG,Non-Fatal,Substantial,Airplane,N93607,Ercoupe,415-C,No,2.0,Reciprocating,Part 91: General Aviation,,Personal,,0.0,0.0,0.0,2.0,VMC,Approach,Probable Cause,1983-02-06 00:00:00
20020917X01787,Accident,CHI82DA036,1982-02-06,"PEORIA, IL",United States,,,3MY,MOUNT HAWLEY AUX.,Non-Fatal,Substantial,Airplane,N8510S,Cessna,182H,No,1.0,Reciprocating,Part 91: General Aviation,,Personal,,0.0,0.0,0.0,2.0,VMC,Landing,Probable Cause,1983-02-06 00:00:00
20020917X01786,Accident,CHI82DA035,1982-02-06,"BUFFALO, MN",United States,,,8Y2,BUFFALO,Non-Fatal,Substantial,Airplane,N10794,Cessna,150,No,1.0,Reciprocating,Part 91: General Aviation,,Instructional,,0.0,0.0,2.0,0.0,VMC,Landing,Probable Cause,1983-02-06 00:00:00
20020917X02402,Accident,MIA82FA044B,1982-02-07,"W. OF HOMESTEAD, FL",United States,,,Unknown,Unknown,Fatal(8),Destroyed,Airplane,N7361P,Piper,PA-24-180,No,1.0,Reciprocating,Part 91: General Aviation,,Personal,,8.0,0.0,0.0,0.0,VMC,Cruise,Probable Cause,1983-02-07 00:00:00
20020917X02402,Accident,MIA82FA044A,1982-02-07,"W. OF HOMESTEAD, FL",United States,,,Unknown,Unknown,Fatal(8),Destroyed,Airplane,N2280G,Cessna,182B,No,1.0,Reciprocating,Part 91: General Aviation,,Personal,,8.0,0.0,0.0,0.0,VMC,Cruise,Probable Cause,1983-02-07 00:00:00
20020917X02284,Accident,LAX82FJA04,1982-02-07,"KALAUPAPA, HI",United States,,,Unknown,KALAUPAPA,Non-Fatal,Destroyed,Airplane,N16524,Piper,PA-28-140,Yes,1.0,Reciprocating,Part 91: General Aviation,,Personal,,0.0,4.0,0.0,0.0,VMC,Landing,Probable Cause,1983-02-07 00:00:00
20020917X02265,Accident,LAX82FA072,1982-02-07,"6 NM NORTH OF S, AZ",United States,,,Unknown,Unknown,Fatal(4),Destroyed,Airplane,N731NQ,Cessna,P210N,No,1.0,Reciprocating,Part 91: General Aviation,,Unknown,,4.0,0.0,0.0,0.0,IMC,Cruise,Probable Cause,1983-02-07 00:00:00
20020917X02625,Accident,SEA82FYM09,1982-02-07,"AURORA, OR",United States,,,3S2,AURORA,Non-Fatal,Substantial,Airplane,N4660W,Rockwell Comdr,112TCA,No,1.0,Reciprocating,Part 91: General Aviation,,Personal,,0.0,1.0,0.0,0.0,VMC,Takeoff,Probable Cause,1983-02-07 00:00:00
20020917X02584,Accident,SEA82DA027,1982-02-07,"PROSSER, WA",United States,,,S40,GEORGE O. BEARDSLEY FIELD,Non-Fatal,Substantial,Airplane,N8280W,Piper,PA-28-180,No,1.0,Reciprocating,Part 91: General Aviation,,Instructional,,0.0,0.0,0.0,1.0,VMC,Landing,Probable Cause,1983-02-07 00:00:00
20020917X02495,Accident,NYC82DA033,1982-02-07,"MARTHAS VINEYARD, MA",United States,,,Unknown,MARTHAS VINEYARD,Non-Fatal,Substantial,Airplane,N41694,Bellanca,7KCAB,No,1.0,Reciprocating,Part 91: General Aviation,,Personal,,0.0,0.0,0.0,2.0,VMC,Landing,Probable Cause,2011-05-05 00:00:00
20020917X02493,Accident,NYC82DA031,1982-02-07,"WRIGHTSTOWN, NJ",United States,,,Unknown,MCGUIRE AFB,Non-Fatal,Substantial,Airplane,N738QM,Cessna,172N,No,1.0,Reciprocating,Part 91: General Aviation,,Personal,,0.0,0.0,0.0,5.0,VMC,Landing,Probable Cause,1983-02-07 00:00:00
20020917X02434,Accident,MKC82DA029,1982-02-07,"CAPE GIRARDEAU, MO",United States,,,CGI,CAPE GIRARDEAU MUNICIPAL,Non-Fatal,Substantial,Airplane,N5272B,Cessna,152,No,1.0,Reciprocating,Part 91: General Aviation,,Instructional,,0.0,0.0,0.0,1.0,VMC,Landing,Probable Cause,1983-02-07 00:00:00
20020917X02433,Accident,MKC82DA028,1982-02-07,"WASHINGTON, IA",United States,,,C61,WASHINGTON MUNICIPAL,Non-Fatal,Substantial,Airplane,N2501N,Piper,PA-38,No,1.0,Reciprocating,Part 91: General Aviation,,Instructional,,0.0,0.0,0.0,1.0,VMC,Takeoff,Probable Cause,1983-02-07 00:00:00
20020917X02009,Accident,FTW82DA056,1982-02-07,"ARTESIA, NM",United States,,,ATS,ARTESIA MUNICIPAL,Non-Fatal,Substantial,Airplane,N33281,Cessna,177RG,No,1.0,Reciprocating,Part 91: General Aviation,,Business,,0.0,0.0,0.0,2.0,VMC,Taxi,Probable Cause,1983-02-07 00:00:00
20020917X01792,Accident,CHI82DA041,1982-02-07,"BENTON HARBOR, MI",United States,,,BEH,ROSS FIELD,Non-Fatal,Substantial,Airplane,N9893J,Cessna,172,No,1.0,Reciprocating,Part 91: General Aviation,,Personal,,0.0,0.0,0.0,4.0,VMC,Landing,Probable Cause,1983-02-07 00:00:00
20020917X01791,Accident,CHI82DA040,1982-02-07,"CANTON, MI",United States,,,Unknown,Unknown,Non-Fatal,Substantial,Airplane,N46733,Cessna,152,No,1.0,Reciprocating,Part 91: General Aviation,,Instructional,,0.0,0.0,0.0,1.0,VMC,Cruise,Probable Cause,1983-02-07 00:00:00
20020917X01789,Accident,CHI82DA038,1982-02-07,"GREENCASTLE, IN",United States,,,4I7,PUTNAM COUNTY,Non-Fatal,Substantial,Airplane,N7804U,Cessna,172,No,1.0,Reciprocating,Part 91: General Aviation,,Instructional,,0.0,0.0,0.0,1.0,VMC,Landing,Probable Cause,1983-02-07 00:00:00
20020917X02263,Accident,LAX82FA070,1982-02-08,"SANTA YSABEL, CA",United States,,,Unknown,Unknown,Fatal(1),Destroyed,Airplane,N733ZR,Cessna,172N,No,1.0,Reciprocating,Part 91: General Aviation,,Personal,,1.0,0.0,0.0,0.0,IMC,Cruise,Probable Cause,1983-02-08 00:00:00
20020917X01667,Accident,ATL82DA049,1982-02-08,"BROWNSVILLE, KY",United States,,,Unknown,MEREDITH,Non-Fatal,Destroyed,Airplane,N13165,Cessna,C-172,No,1.0,Reciprocating,Part 91: General Aviation,,Personal,,0.0,0.0,1.0,0.0,VMC,Climb,Probable Cause,1983-02-08 00:00:00
20020917X02129,Accident,FTW82FQD09,1982-02-08,"SANDERSON, TX",United States,,,Unknown,PRIVATE STRIP,Fatal(1),Substantial,Airplane,N2887Z,Piper,PA-18A-150,No,1.0,Reciprocating,Part 91: General Aviation,,Business,,1.0,0.0,0.0,0.0,VMC,Takeoff,Probable Cause,1983-02-08 00:00:00
20020917X01879,Accident,CHI82DEE13,1982-02-08,"LANSING, IL",United States,,,Unknown,LANSING MUNI,Non-Fatal,Substantial,Airplane,N65619,Cessna,152,No,1.0,Reciprocating,Part 91: General Aviation,,Instructional,,0.0,0.0,0.0,1.0,VMC,Landing,Probable Cause,1983-02-08 00:00:00
20020917X01794,Accident,CHI82DA043,1982-02-08,"MATTOON, IL",United States,,,MTO,COLES COUNTY,Non-Fatal,Substantial,Airplane,N8282Z,Piper,PA-28R-201,No,1.0,Reciprocating,Part 91: General Aviation,,Personal,,0.0,0.0,0.0,3.0,IMC,Landing,Probable Cause,1983-02-08 00:00:00
20020917X01793,Accident,CHI82DA042,1982-02-08,"VALPARAISO, IN",United States,,,VPZ,PORTER COUNTY,Non-Fatal,Substantial,Airplane,N2203B,Piper,PA-28-161,No,1.0,Reciprocating,Part 91: General Aviation,,Instructional,,0.0,0.0,1.0,0.0,VMC,Landing,Probable Cause,1983-02-08 00:00:00
20020917X01754,Accident,ATL82FKW04,1982-02-08,"NASHVILLE, TN",United States,,,Unknown,Unknown,Non-Fatal,Substantial,Airplane,N9479M,Cessna,182P,No,1.0,Reciprocating,Part 91: General Aviation,,Personal,,0.0,0.0,1.0,0.0,VMC,Approach,Probable Cause,1983-02-08 00:00:00
20020917X01668,Accident,ATL82DA050,1982-02-08,"STATESBORO, GA",United States,,,Unknown,DAVIS AIRPARK,Non-Fatal,Substantial,Airplane,N89047,Cessna,140,No,1.0,Reciprocating,Part 91: General Aviation,,Instructional,,0.0,0.0,0.0,1.0,VMC,Landing,Probable Cause,1983-02-08 00:00:00
20020917X01666,Accident,ATL82DA048,1982-02-08,"NASHVILLE, TN",United States,,,Unknown,NASHVILLE METRO,Non-Fatal,Substantial,Airplane,N60427,Beech,C-23,No,1.0,Reciprocating,Part 91: General Aviation,,Instructional,,0.0,0.0,0.0,1.0,VMC,Takeoff,Probable Cause,1983-02-08 00:00:00
20020917X02175,Accident,LAX82DA068,1982-02-09,"HICKMAN, CA",United States,,,Unknown,Unknown,Non-Fatal,Destroyed,Airplane,N2562K,Piper,PA-38-112,No,1.0,Reciprocating,Part 91: General Aviation,,Instructional,,0.0,0.0,0.0,1.0,VMC,Landing,Probable Cause,1983-02-09 00:00:00
20020917X02143,Accident,FTW82FRG22,1982-02-09,"CIBOLO, TX",United States,,,15R,KARDYS,Fatal(1),Destroyed,Airplane,N7148N,Beech,V35A,No,1.0,Reciprocating,Part 91: General Aviation,,Personal,,1.0,0.0,0.0,0.0,VMC,Maneuvering,Probable Cause,1983-02-09 00:00:00
20020917X01769,Incident,ATL82IA051,1982-02-09,"BIRMINGHAM, AL",United States,,,Unknown,BIRMINGHAM MUNI,Incident,,Airplane,N205SG,Beech,200,No,2.0,Turbo Prop,Part 91: General Aviation,,Executive/corporate,,0.0,0.0,0.0,10.0,IMC,Takeoff,Probable Cause,1983-02-09 00:00:00
20020917X02174,Accident,LAX82DA066,1982-02-09,"CARLSBAD, CA",United States,,,CRQ,CARLSBAD AIRPORT,Non-Fatal,Substantial,Airplane,N69DH,Cessna,310R,No,2.0,Reciprocating,Part 91: General Aviation,,Business,,0.0,0.0,0.0,2.0,VMC,Takeoff,Probable Cause,1983-02-09 00:00:00
20020917X01795,Accident,CHI82DA044,1982-02-09,"ANOKA, MN",United States,,,Y25,GATEWAY NORTH INDUSTRIAL,Non-Fatal,Substantial,Airplane,N12562,Cessna,172,No,1.0,Reciprocating,Part 91: General Aviation,,Personal,,0.0,0.0,0.0,1.0,VMC,Landing,Probable Cause,1983-02-09 00:00:00
20020917X01743,Accident,ATL82FID06,1982-02-09,"NEWPORT NEWS, VA",United States,,,PHF,NEWPORT NEWS,Non-Fatal,Substantial,Airplane,N5218J,Cessna,402B,No,2.0,Reciprocating,Part 91: General Aviation,,Business,,0.0,0.0,0.0,1.0,IMC,Go-around,Probable Cause,1983-02-09 00:00:00
20020917X01627,Accident,ANC82DA018,1982-02-09,"FORT YUKON, AK",United States,,,Unknown,Unknown,Non-Fatal,Substantial,Airplane,N8456Q,Cessna,185,No,1.0,Reciprocating,Part 135: Air Taxi & Commuter,NSCH,Unknown,Wright Air Service,0.0,0.0,0.0,2.0,VMC,Taxi,Probable Cause,1983-02-09 00:00:00
20020917X02416,Accident,MIA82FLD16,1982-02-10,"LAKE WALES, FL",United States,,,Unknown,LAKE WALES,Non-Fatal,Destroyed,Airplane,N5207J,Cessna,310,No,2.0,Reciprocating,Part 91: General Aviation,,Personal,,0.0,2.0,0.0,0.0,VMC,Approach,Probable Cause,1983-02-10 00:00:00
20020917X02262,Accident,LAX82FA069,1982-02-10,"TWENTYNINE PALM, CA",United States,,,Unknown,Unknown,Fatal(2),Destroyed,Airplane,N200WJ,Beech,95-C55,No,2.0,Reciprocating,Part 91: General Aviation,,Business,,2.0,0.0,0.0,0.0,IMC,Cruise,Probable Cause,1983-02-10 00:00:00
20020917X02494,Accident,NYC82DA032,1982-02-10,"PLYMOUTH, MA",United States,,,PYM,PLYMOUTH COUNTY,Non-Fatal,Substantial,Airplane,N84330,Cessna,172K,No,1.0,Reciprocating,Part 91: General Aviation,,Personal,,0.0,0.0,0.0,1.0,VMC,Approach,Probable Cause,1983-02-10 00:00:00
20020917X01924,Accident,DEN82DA030,1982-02-10,"SPANISH FORK, UT",United States,,,Unknown,SPANISH FORK,Non-Fatal,Substantial,Airplane,N5439J,Cessna,421B,No,2.0,Reciprocating,Part 91: General Aviation,,Business,,0.0,0.0,0.0,2.0,VMC,Landing,Probable Cause,1983-02-10 00:00:00
20020917X01725,Accident,ATL82FA052,1982-02-10,"JESSUP, GA",United States,,,Unknown,WAYNE COUNTY,Non-Fatal,Substantial,Airplane,N8299F,Cessna,401,No,2.0,Reciprocating,Part 91: General Aviation,,Business,,0.0,0.0,0.0,5.0,VMC,Cruise,Probable Cause,1983-02-10 00:00:00
20020917X01796,Accident,CHI82DA045,1982-02-10,"URBANA, IL",United States,,,Unknown,RESTRICTED HELIPORT,Non-Fatal,Substantial,Helicopter,N2256G,Sikorsky,UH-19B,No,1.0,Reciprocating,Part 91: General Aviation,,Unknown,,0.0,0.0,0.0,2.0,VMC,Landing,Probable Cause,1983-02-10 00:00:00
20020917X02403,Accident,MIA82FA045,1982-02-11,"MIAMI, FL",United States,,,Unknown,Unknown,Fatal(2),Destroyed,Airplane,N24CC,Cessna,421,No,2.0,Reciprocating,Part 91: General Aviation,,Unknown,,2.0,0.0,0.0,0.0,IMC,Cruise,Probable Cause,1983-02-11 00:00:00
20020917X02243,Accident,LAX82DVA12,1982-02-11,"VALLEY HOME, CA",United States,,,Unknown,TREMBLE RANCH,Non-Fatal,Destroyed,Airplane,N6659Q,Grumman,G-164B,No,1.0,Reciprocating,Part 137: Agricultural,UNK,Aerial Application,,0.0,0.0,0.0,1.0,VMC,Takeoff,Probable Cause,1983-02-11 00:00:00
20020917X02435,Accident,MKC82DA030,1982-02-11,"CHESTERFIELD, MO",United States,,,Unknown,SPIRIT OF ST. LOUIS,Non-Fatal,Substantial,Airplane,N757YE,Cessna,152,No,1.0,Reciprocating,Part 91: General Aviation,,Instructional,,0.0,0.0,0.0,1.0,VMC,Takeoff,Probable Cause,1983-02-11 00:00:00
20020917X02136,Accident,FTW82FRA16,1982-02-11,"BRENHAM, TX",United States,,,Unknown,BRENHAM MUNICIPAL,Fatal(1),Substantial,Airplane,N6894L,Piper,PA-60-602P,,2.0,Reciprocating,Part 91: General Aviation,,Personal,,1.0,0.0,0.0,,VMC,Takeoff,Probable Cause,2017-10-30 00:00:00
20020917X02571,Incident,NYC82IA036,1982-02-12,"JAMAICA, NY",United States,,,Unknown,Unknown,Incident,,Airplane,N80701,De Havilland,DHC-6-100,No,2.0,Turbo Prop,Part 135: Air Taxi & Commuter,SCHD,Unknown,"Newair Flight, Inc.",0.0,0.0,0.0,7.0,VMC,Cruise,Probable Cause,1983-02-12 00:00:00
20020917X01896,Accident,CHI82FEG02,1982-02-12,"PLEASANT HILL, OH",United States,,,Unknown,Unknown,Non-Fatal,Destroyed,Airplane,N5266P,Piper,PA-24-250,No,1.0,Reciprocating,Part 91: General Aviation,,Personal,,0.0,4.0,0.0,0.0,VMC,Cruise,Probable Cause,1983-02-12 00:00:00
20020917X02345,Accident,MIA82DA046,1982-02-12,"FT. LAUDERDALE, FL",United States,,,FLL,FT. LAUDERDALE INTL,Non-Fatal,Substantial,Airplane,N1515V,Howard Aircraft Corp.,500,No,2.0,Reciprocating,Part 91: General Aviation,,Personal,,0.0,0.0,0.0,4.0,VMC,Takeoff,Probable Cause,1983-02-12 00:00:00
20020917X01804,Accident,CHI82DA054,1982-02-12,"ELYRIA, OH",United States,,,22G,LORAIN COUNTY REGIONAL,Non-Fatal,Substantial,Airplane,N49952,Cessna,152,No,1.0,Reciprocating,Part 91: General Aviation,,Instructional,,0.0,0.0,1.0,0.0,VMC,Landing,Probable Cause,1983-02-12 00:00:00
20020917X02269,Accident,LAX82FA078,1982-02-13,"HOLLISTER, CA",United States,,,Unknown,Unknown,Fatal(4),Destroyed,Airplane,N99WM,Cessna,172K,No,1.0,Reciprocating,Part 91: General Aviation,,Personal,,4.0,0.0,0.0,0.0,IMC,Cruise,Probable Cause,1983-02-13 00:00:00
20020917X02267,Accident,LAX82FA074,1982-02-13,"NEAR SONOMA, CA",United States,,,Unknown,Unknown,Fatal(1),Destroyed,Airplane,N8455Y,Piper,PA-34,No,2.0,Reciprocating,Part 91: General Aviation,,Personal,,1.0,0.0,0.0,0.0,IMC,Cruise,Probable Cause,1983-02-13 00:00:00
